"time","status","width","height","size_mb","labels","path","error","source"
"2026-07-03 20:23:44","recycled","1080","960","15.503","crop_split|output_horizontal","D:\Download\素材下载\团建视频\千岛湖智能镜头分类\90_待人工分类\裁剪分割待复核\001_千岛湖_待人工分类_裁剪分割__CV002_S001.mp4","","D:\Download\素材下载\团建视频\千岛湖-原视频素材\小红书补素材_20260701\千岛湖啤酒小镇\20250821-打卡千岛湖网红灯塔丨杭州淳安啤酒小镇.mp4"
"2026-07-03 20:23:44","recycled","1080","960","0.37","crop_split|output_horizontal","D:\Download\素材下载\团建视频\千岛湖智能镜头分类\90_待人工分类\裁剪分割待复核\002_千岛湖_待人工分类_裁剪分割__CV002_S002.mp4","","D:\Download\素材下载\团建视频\千岛湖-原视频素材\小红书补素材_20260701\千岛湖啤酒小镇\20250821-打卡千岛湖网红灯塔丨杭州淳安啤酒小镇.mp4"
"2026-07-03 20:23:44","recycled","1080","960","0.472","crop_split|output_horizontal","D:\Download\素材下载\团建视频\千岛湖智能镜头分类\90_待人工分类\裁剪分割待复核\003_千岛湖_待人工分类_裁剪分割__CV002_S003.mp4","","D:\Download\素材下载\团建视频\千岛湖-原视频素材\小红书补素材_20260701\千岛湖啤酒小镇\20250821-打卡千岛湖网红灯塔丨杭州淳安啤酒小镇.mp4"
"2026-07-03 20:23:44","recycled","1080","960","0.309","crop_split|output_horizontal","D:\Download\素材下载\团建视频\千岛湖智能镜头分类\90_待人工分类\裁剪分割待复核\004_千岛湖_待人工分类_裁剪分割__CV002_S004.mp4","","D:\Download\素材下载\团建视频\千岛湖-原视频素材\小红书补素材_20260701\千岛湖啤酒小镇\20250821-打卡千岛湖网红灯塔丨杭州淳安啤酒小镇.mp4"
"2026-07-03 20:23:44","recycled","1080","960","0.374","crop_split|output_horizontal","D:\Download\素材下载\团建视频\千岛湖智能镜头分类\90_待人工分类\裁剪分割待复核\005_千岛湖_待人工分类_裁剪分割__CV002_S005.mp4","","D:\Download\素材下载\团建视频\千岛湖-原视频素材\小红书补素材_20260701\千岛湖啤酒小镇\20250821-打卡千岛湖网红灯塔丨杭州淳安啤酒小镇.mp4"
"2026-07-03 20:23:44","recycled","1080","960","0.305","crop_split|output_horizontal","D:\Download\素材下载\团建视频\千岛湖智能镜头分类\90_待人工分类\裁剪分割待复核\006_千岛湖_待人工分类_裁剪分割__CV002_S006.mp4","","D:\Download\素材下载\团建视频\千岛湖-原视频素材\小红书补素材_20260701\千岛湖啤酒小镇\20250821-打卡千岛湖网红灯塔丨杭州淳安啤酒小镇.mp4"
"2026-07-03 20:23:44","recycled","1080","960","0.327","crop_split|output_horizontal","D:\Download\素材下载\团建视频\千岛湖智能镜头分类\90_待人工分类\裁剪分割待复核\007_千岛湖_待人工分类_裁剪分割__CV002_S007.mp4","","D:\Download\素材下载\团建视频\千岛湖-原视频素材\小红书补素材_20260701\千岛湖啤酒小镇\20250821-打卡千岛湖网红灯塔丨杭州淳安啤酒小镇.mp4"
"2026-07-03 20:23:45","recycled","1080","960","0.403","crop_split|output_horizontal","D:\Download\素材下载\团建视频\千岛湖智能镜头分类\90_待人工分类\裁剪分割待复核\008_千岛湖_待人工分类_裁剪分割__CV002_S008.mp4","","D:\Download\素材下载\团建视频\千岛湖-原视频素材\小红书补素材_20260701\千岛湖啤酒小镇\20250821-打卡千岛湖网红灯塔丨杭州淳安啤酒小镇.mp4"
"2026-07-03 20:23:45","recycled","720","716","3.467","crop_split|output_horizontal","D:\Download\素材下载\团建视频\千岛湖智能镜头分类\90_待人工分类\裁剪分割待复核\043_千岛湖_待人工分类_裁剪分割__CV007_S001.mp4","","D:\Download\素材下载\团建视频\千岛湖-原视频素材\小红书补素材_20260701\千岛湖景区接驳车\20250623-.mp4"
"2026-07-03 20:23:45","recycled","720","716","2.041","crop_split|output_horizontal","D:\Download\素材下载\团建视频\千岛湖智能镜头分类\90_待人工分类\裁剪分割待复核\044_千岛湖_待人工分类_裁剪分割__CV007_S002.mp4","","D:\Download\素材下载\团建视频\千岛湖-原视频素材\小红书补素材_20260701\千岛湖景区接驳车\20250623-.mp4"
"2026-07-03 20:23:45","recycled","720","696","0.198","crop_split|output_horizontal","D:\Download\素材下载\团建视频\千岛湖智能镜头分类\90_待人工分类\裁剪分割待复核\096_千岛湖_待人工分类_裁剪分割__CV017_S002.mp4","","D:\Download\素材下载\团建视频\千岛湖-原视频素材\赞19评5千岛湖团建两天一夜🥳人均600+玩到嗨‼️#千岛湖团建 #公司团建 #杭州周边团建#上海周边团建#千岛湖两天一夜团建17趣团建20250701.mp4"
"2026-07-03 20:23:45","recycled","720","696","0.43","crop_split|output_horizontal","D:\Download\素材下载\团建视频\千岛湖智能镜头分类\90_待人工分类\裁剪分割待复核\097_千岛湖_待人工分类_裁剪分割__CV017_S003.mp4","","D:\Download\素材下载\团建视频\千岛湖-原视频素材\赞19评5千岛湖团建两天一夜🥳人均600+玩到嗨‼️#千岛湖团建 #公司团建 #杭州周边团建#上海周边团建#千岛湖两天一夜团建17趣团建20250701.mp4"
"2026-07-03 20:23:45","recycled","720","696","0.495","crop_split|output_horizontal","D:\Download\素材下载\团建视频\千岛湖智能镜头分类\90_待人工分类\裁剪分割待复核\098_千岛湖_待人工分类_裁剪分割__CV017_S004.mp4","","D:\Download\素材下载\团建视频\千岛湖-原视频素材\赞19评5千岛湖团建两天一夜🥳人均600+玩到嗨‼️#千岛湖团建 #公司团建 #杭州周边团建#上海周边团建#千岛湖两天一夜团建17趣团建20250701.mp4"
"2026-07-03 20:23:45","recycled","720","696","0.073","crop_split|output_horizontal","D:\Download\素材下载\团建视频\千岛湖智能镜头分类\90_待人工分类\裁剪分割待复核\099_千岛湖_待人工分类_裁剪分割__CV017_S005.mp4","","D:\Download\素材下载\团建视频\千岛湖-原视频素材\赞19评5千岛湖团建两天一夜🥳人均600+玩到嗨‼️#千岛湖团建 #公司团建 #杭州周边团建#上海周边团建#千岛湖两天一夜团建17趣团建20250701.mp4"
"2026-07-03 20:23:45","recycled","720","696","0.736","crop_split|output_horizontal","D:\Download\素材下载\团建视频\千岛湖智能镜头分类\90_待人工分类\裁剪分割待复核\100_千岛湖_待人工分类_裁剪分割__CV017_S006.mp4","","D:\Download\素材下载\团建视频\千岛湖-原视频素材\赞19评5千岛湖团建两天一夜🥳人均600+玩到嗨‼️#千岛湖团建 #公司团建 #杭州周边团建#上海周边团建#千岛湖两天一夜团建17趣团建20250701.mp4"
"2026-07-03 20:23:45","recycled","720","696","0.395","crop_split|output_horizontal","D:\Download\素材下载\团建视频\千岛湖智能镜头分类\90_待人工分类\裁剪分割待复核\101_千岛湖_待人工分类_裁剪分割__CV017_S007.mp4","","D:\Download\素材下载\团建视频\千岛湖-原视频素材\赞19评5千岛湖团建两天一夜🥳人均600+玩到嗨‼️#千岛湖团建 #公司团建 #杭州周边团建#上海周边团建#千岛湖两天一夜团建17趣团建20250701.mp4"
"2026-07-03 20:23:45","recycled","720","696","0.171","crop_split|output_horizontal","D:\Download\素材下载\团建视频\千岛湖智能镜头分类\90_待人工分类\裁剪分割待复核\102_千岛湖_待人工分类_裁剪分割__CV017_S008.mp4","","D:\Download\素材下载\团建视频\千岛湖-原视频素材\赞19评5千岛湖团建两天一夜🥳人均600+玩到嗨‼️#千岛湖团建 #公司团建 #杭州周边团建#上海周边团建#千岛湖两天一夜团建17趣团建20250701.mp4"
"2026-07-03 20:23:45","recycled","720","696","0.145","crop_split|output_horizontal","D:\Download\素材下载\团建视频\千岛湖智能镜头分类\90_待人工分类\裁剪分割待复核\103_千岛湖_待人工分类_裁剪分割__CV017_S009.mp4","","D:\Download\素材下载\团建视频\千岛湖-原视频素材\赞19评5千岛湖团建两天一夜🥳人均600+玩到嗨‼️#千岛湖团建 #公司团建 #杭州周边团建#上海周边团建#千岛湖两天一夜团建17趣团建20250701.mp4"
"2026-07-03 20:23:45","recycled","720","696","1.598","crop_split|output_horizontal","D:\Download\素材下载\团建视频\千岛湖智能镜头分类\90_待人工分类\裁剪分割待复核\104_千岛湖_待人工分类_裁剪分割__CV017_S010.mp4","","D:\Download\素材下载\团建视频\千岛湖-原视频素材\赞19评5千岛湖团建两天一夜🥳人均600+玩到嗨‼️#千岛湖团建 #公司团建 #杭州周边团建#上海周边团建#千岛湖两天一夜团建17趣团建20250701.mp4"
"2026-07-03 20:23:45","recycled","720","696","0.788","crop_split|output_horizontal","D:\Download\素材下载\团建视频\千岛湖智能镜头分类\90_待人工分类\裁剪分割待复核\105_千岛湖_待人工分类_裁剪分割__CV017_S011.mp4","","D:\Download\素材下载\团建视频\千岛湖-原视频素材\赞19评5千岛湖团建两天一夜🥳人均600+玩到嗨‼️#千岛湖团建 #公司团建 #杭州周边团建#上海周边团建#千岛湖两天一夜团建17趣团建20250701.mp4"
"2026-07-03 20:23:45","recycled","720","696","0.886","crop_split|output_horizontal","D:\Download\素材下载\团建视频\千岛湖智能镜头分类\90_待人工分类\裁剪分割待复核\106_千岛湖_待人工分类_裁剪分割__CV017_S012.mp4","","D:\Download\素材下载\团建视频\千岛湖-原视频素材\赞19评5千岛湖团建两天一夜🥳人均600+玩到嗨‼️#千岛湖团建 #公司团建 #杭州周边团建#上海周边团建#千岛湖两天一夜团建17趣团建20250701.mp4"
"2026-07-03 20:23:45","recycled","720","696","1.966","crop_split|output_horizontal","D:\Download\素材下载\团建视频\千岛湖智能镜头分类\90_待人工分类\裁剪分割待复核\107_千岛湖_待人工分类_裁剪分割__CV017_S013.mp4","","D:\Download\素材下载\团建视频\千岛湖-原视频素材\赞19评5千岛湖团建两天一夜🥳人均600+玩到嗨‼️#千岛湖团建 #公司团建 #杭州周边团建#上海周边团建#千岛湖两天一夜团建17趣团建20250701.mp4"
"2026-07-03 20:23:45","recycled","720","696","0.212","crop_split|output_horizontal","D:\Download\素材下载\团建视频\千岛湖智能镜头分类\90_待人工分类\裁剪分割待复核\108_千岛湖_待人工分类_裁剪分割__CV017_S014.mp4","","D:\Download\素材下载\团建视频\千岛湖-原视频素材\赞19评5千岛湖团建两天一夜🥳人均600+玩到嗨‼️#千岛湖团建 #公司团建 #杭州周边团建#上海周边团建#千岛湖两天一夜团建17趣团建20250701.mp4"
"2026-07-03 20:23:45","recycled","720","696","2.655","crop_split|output_horizontal","D:\Download\素材下载\团建视频\千岛湖智能镜头分类\90_待人工分类\裁剪分割待复核\109_千岛湖_待人工分类_裁剪分割__CV017_S015.mp4","","D:\Download\素材下载\团建视频\千岛湖-原视频素材\赞19评5千岛湖团建两天一夜🥳人均600+玩到嗨‼️#千岛湖团建 #公司团建 #杭州周边团建#上海周边团建#千岛湖两天一夜团建17趣团建20250701.mp4"
"2026-07-03 20:23:45","recycled","720","696","1.065","crop_split|output_horizontal","D:\Download\素材下载\团建视频\千岛湖智能镜头分类\90_待人工分类\裁剪分割待复核\110_千岛湖_待人工分类_裁剪分割__CV017_S016.mp4","","D:\Download\素材下载\团建视频\千岛湖-原视频素材\赞19评5千岛湖团建两天一夜🥳人均600+玩到嗨‼️#千岛湖团建 #公司团建 #杭州周边团建#上海周边团建#千岛湖两天一夜团建17趣团建20250701.mp4"
"2026-07-03 20:23:45","recycled","720","696","0.182","crop_split|output_horizontal","D:\Download\素材下载\团建视频\千岛湖智能镜头分类\90_待人工分类\裁剪分割待复核\111_千岛湖_待人工分类_裁剪分割__CV017_S017.mp4","","D:\Download\素材下载\团建视频\千岛湖-原视频素材\赞19评5千岛湖团建两天一夜🥳人均600+玩到嗨‼️#千岛湖团建 #公司团建 #杭州周边团建#上海周边团建#千岛湖两天一夜团建17趣团建20250701.mp4"
"2026-07-03 20:23:45","recycled","720","696","0.23","crop_split|output_horizontal","D:\Download\素材下载\团建视频\千岛湖智能镜头分类\90_待人工分类\裁剪分割待复核\112_千岛湖_待人工分类_裁剪分割__CV017_S018.mp4","","D:\Download\素材下载\团建视频\千岛湖-原视频素材\赞19评5千岛湖团建两天一夜🥳人均600+玩到嗨‼️#千岛湖团建 #公司团建 #杭州周边团建#上海周边团建#千岛湖两天一夜团建17趣团建20250701.mp4"
"2026-07-03 20:23:45","recycled","720","696","0.059","crop_split|output_horizontal","D:\Download\素材下载\团建视频\千岛湖智能镜头分类\90_待人工分类\裁剪分割待复核\113_千岛湖_待人工分类_裁剪分割__CV017_S019.mp4","","D:\Download\素材下载\团建视频\千岛湖-原视频素材\赞19评5千岛湖团建两天一夜🥳人均600+玩到嗨‼️#千岛湖团建 #公司团建 #杭州周边团建#上海周边团建#千岛湖两天一夜团建17趣团建20250701.mp4"
"2026-07-03 20:23:45","recycled","720","696","0.193","crop_split|output_horizontal","D:\Download\素材下载\团建视频\千岛湖智能镜头分类\90_待人工分类\裁剪分割待复核\114_千岛湖_待人工分类_裁剪分割__CV017_S020.mp4","","D:\Download\素材下载\团建视频\千岛湖-原视频素材\赞19评5千岛湖团建两天一夜🥳人均600+玩到嗨‼️#千岛湖团建 #公司团建 #杭州周边团建#上海周边团建#千岛湖两天一夜团建17趣团建20250701.mp4"
"2026-07-03 20:23:46","recycled","720","696","0.057","crop_split|output_horizontal","D:\Download\素材下载\团建视频\千岛湖智能镜头分类\90_待人工分类\裁剪分割待复核\115_千岛湖_待人工分类_裁剪分割__CV017_S021.mp4","","D:\Download\素材下载\团建视频\千岛湖-原视频素材\赞19评5千岛湖团建两天一夜🥳人均600+玩到嗨‼️#千岛湖团建 #公司团建 #杭州周边团建#上海周边团建#千岛湖两天一夜团建17趣团建20250701.mp4"
"2026-07-03 20:23:46","recycled","720","696","0.093","crop_split|output_horizontal","D:\Download\素材下载\团建视频\千岛湖智能镜头分类\90_待人工分类\裁剪分割待复核\116_千岛湖_待人工分类_裁剪分割__CV017_S022.mp4","","D:\Download\素材下载\团建视频\千岛湖-原视频素材\赞19评5千岛湖团建两天一夜🥳人均600+玩到嗨‼️#千岛湖团建 #公司团建 #杭州周边团建#上海周边团建#千岛湖两天一夜团建17趣团建20250701.mp4"
"2026-07-03 20:23:46","recycled","720","696","0.091","crop_split|output_horizontal","D:\Download\素材下载\团建视频\千岛湖智能镜头分类\90_待人工分类\裁剪分割待复核\117_千岛湖_待人工分类_裁剪分割__CV017_S023.mp4","","D:\Download\素材下载\团建视频\千岛湖-原视频素材\赞19评5千岛湖团建两天一夜🥳人均600+玩到嗨‼️#千岛湖团建 #公司团建 #杭州周边团建#上海周边团建#千岛湖两天一夜团建17趣团建20250701.mp4"
"2026-07-03 20:23:46","recycled","720","696","0.259","crop_split|output_horizontal","D:\Download\素材下载\团建视频\千岛湖智能镜头分类\90_待人工分类\裁剪分割待复核\118_千岛湖_待人工分类_裁剪分割__CV017_S024.mp4","","D:\Download\素材下载\团建视频\千岛湖-原视频素材\赞19评5千岛湖团建两天一夜🥳人均600+玩到嗨‼️#千岛湖团建 #公司团建 #杭州周边团建#上海周边团建#千岛湖两天一夜团建17趣团建20250701.mp4"
"2026-07-03 20:23:46","recycled","720","696","0.608","crop_split|output_horizontal","D:\Download\素材下载\团建视频\千岛湖智能镜头分类\90_待人工分类\裁剪分割待复核\119_千岛湖_待人工分类_裁剪分割__CV017_S025.mp4","","D:\Download\素材下载\团建视频\千岛湖-原视频素材\赞19评5千岛湖团建两天一夜🥳人均600+玩到嗨‼️#千岛湖团建 #公司团建 #杭州周边团建#上海周边团建#千岛湖两天一夜团建17趣团建20250701.mp4"
"2026-07-03 20:23:46","recycled","720","696","0.261","crop_split|output_horizontal","D:\Download\素材下载\团建视频\千岛湖智能镜头分类\90_待人工分类\裁剪分割待复核\120_千岛湖_待人工分类_裁剪分割__CV017_S026.mp4","","D:\Download\素材下载\团建视频\千岛湖-原视频素材\赞19评5千岛湖团建两天一夜🥳人均600+玩到嗨‼️#千岛湖团建 #公司团建 #杭州周边团建#上海周边团建#千岛湖两天一夜团建17趣团建20250701.mp4"
"2026-07-03 20:23:46","recycled","720","696","1.401","crop_split|output_horizontal","D:\Download\素材下载\团建视频\千岛湖智能镜头分类\90_待人工分类\裁剪分割待复核\121_千岛湖_待人工分类_裁剪分割__CV017_S027.mp4","","D:\Download\素材下载\团建视频\千岛湖-原视频素材\赞19评5千岛湖团建两天一夜🥳人均600+玩到嗨‼️#千岛湖团建 #公司团建 #杭州周边团建#上海周边团建#千岛湖两天一夜团建17趣团建20250701.mp4"
"2026-07-03 20:23:46","recycled","720","696","0.637","crop_split|output_horizontal","D:\Download\素材下载\团建视频\千岛湖智能镜头分类\90_待人工分类\裁剪分割待复核\122_千岛湖_待人工分类_裁剪分割__CV017_S028.mp4","","D:\Download\素材下载\团建视频\千岛湖-原视频素材\赞19评5千岛湖团建两天一夜🥳人均600+玩到嗨‼️#千岛湖团建 #公司团建 #杭州周边团建#上海周边团建#千岛湖两天一夜团建17趣团建20250701.mp4"
"2026-07-03 20:23:46","recycled","720","696","0.904","crop_split|output_horizontal","D:\Download\素材下载\团建视频\千岛湖智能镜头分类\90_待人工分类\裁剪分割待复核\123_千岛湖_待人工分类_裁剪分割__CV017_S029.mp4","","D:\Download\素材下载\团建视频\千岛湖-原视频素材\赞19评5千岛湖团建两天一夜🥳人均600+玩到嗨‼️#千岛湖团建 #公司团建 #杭州周边团建#上海周边团建#千岛湖两天一夜团建17趣团建20250701.mp4"
"2026-07-03 20:23:46","recycled","720","696","0.829","crop_split|output_horizontal","D:\Download\素材下载\团建视频\千岛湖智能镜头分类\90_待人工分类\裁剪分割待复核\124_千岛湖_待人工分类_裁剪分割__CV017_S030.mp4","","D:\Download\素材下载\团建视频\千岛湖-原视频素材\赞19评5千岛湖团建两天一夜🥳人均600+玩到嗨‼️#千岛湖团建 #公司团建 #杭州周边团建#上海周边团建#千岛湖两天一夜团建17趣团建20250701.mp4"
"2026-07-03 20:23:46","recycled","720","696","0.93","crop_split|output_horizontal","D:\Download\素材下载\团建视频\千岛湖智能镜头分类\90_待人工分类\裁剪分割待复核\125_千岛湖_待人工分类_裁剪分割__CV017_S031.mp4","","D:\Download\素材下载\团建视频\千岛湖-原视频素材\赞19评5千岛湖团建两天一夜🥳人均600+玩到嗨‼️#千岛湖团建 #公司团建 #杭州周边团建#上海周边团建#千岛湖两天一夜团建17趣团建20250701.mp4"
"2026-07-03 20:23:46","recycled","720","696","0.486","crop_split|output_horizontal","D:\Download\素材下载\团建视频\千岛湖智能镜头分类\90_待人工分类\裁剪分割待复核\126_千岛湖_待人工分类_裁剪分割__CV017_S032.mp4","","D:\Download\素材下载\团建视频\千岛湖-原视频素材\赞19评5千岛湖团建两天一夜🥳人均600+玩到嗨‼️#千岛湖团建 #公司团建 #杭州周边团建#上海周边团建#千岛湖两天一夜团建17趣团建20250701.mp4"
"2026-07-03 20:23:46","recycled","720","696","0.703","crop_split|output_horizontal","D:\Download\素材下载\团建视频\千岛湖智能镜头分类\90_待人工分类\裁剪分割待复核\127_千岛湖_待人工分类_裁剪分割__CV017_S033.mp4","","D:\Download\素材下载\团建视频\千岛湖-原视频素材\赞19评5千岛湖团建两天一夜🥳人均600+玩到嗨‼️#千岛湖团建 #公司团建 #杭州周边团建#上海周边团建#千岛湖两天一夜团建17趣团建20250701.mp4"
"2026-07-03 20:23:46","recycled","720","696","0.002","crop_split|output_horizontal","D:\Download\素材下载\团建视频\千岛湖智能镜头分类\90_待人工分类\裁剪分割待复核\128_千岛湖_待人工分类_裁剪分割__CV017_S034.mp4","","D:\Download\素材下载\团建视频\千岛湖-原视频素材\赞19评5千岛湖团建两天一夜🥳人均600+玩到嗨‼️#千岛湖团建 #公司团建 #杭州周边团建#上海周边团建#千岛湖两天一夜团建17趣团建20250701.mp4"
"2026-07-03 20:23:46","recycled","1080","1000","0.264","crop_split|output_horizontal","D:\Download\素材下载\团建视频\千岛湖智能镜头分类\05_项目活动\玩水互动\129_千岛湖_玩水互动_裁剪分割__CV019_S004.mp4","","D:\Download\素材下载\团建视频\千岛湖-原视频素材\赞1评1千岛湖夏日出逃 vlog🌊 和小伙伴们一起，两天一夜环湖玩水 吹晚风吃湖鲜，治愈所有疲惫#千岛湖团建 #江浙沪团建 #公司团建 #团建 #千岛湖团建vlog团建策划师-小橘🍊20260611.mp4"
"2026-07-03 20:23:46","recycled","1080","1000","0.679","crop_split|output_horizontal","D:\Download\素材下载\团建视频\千岛湖智能镜头分类\05_项目活动\玩水互动\130_千岛湖_玩水互动_裁剪分割__CV019_S005.mp4","","D:\Download\素材下载\团建视频\千岛湖-原视频素材\赞1评1千岛湖夏日出逃 vlog🌊 和小伙伴们一起，两天一夜环湖玩水 吹晚风吃湖鲜，治愈所有疲惫#千岛湖团建 #江浙沪团建 #公司团建 #团建 #千岛湖团建vlog团建策划师-小橘🍊20260611.mp4"
"2026-07-03 20:23:46","recycled","1080","1000","1.454","crop_split|output_horizontal","D:\Download\素材下载\团建视频\千岛湖智能镜头分类\05_项目活动\玩水互动\131_千岛湖_玩水互动_裁剪分割__CV019_S006.mp4","","D:\Download\素材下载\团建视频\千岛湖-原视频素材\赞1评1千岛湖夏日出逃 vlog🌊 和小伙伴们一起，两天一夜环湖玩水 吹晚风吃湖鲜，治愈所有疲惫#千岛湖团建 #江浙沪团建 #公司团建 #团建 #千岛湖团建vlog团建策划师-小橘🍊20260611.mp4"
"2026-07-03 20:23:46","recycled","1080","1000","0.908","crop_split|output_horizontal","D:\Download\素材下载\团建视频\千岛湖智能镜头分类\05_项目活动\玩水互动\132_千岛湖_玩水互动_裁剪分割__CV019_S007.mp4","","D:\Download\素材下载\团建视频\千岛湖-原视频素材\赞1评1千岛湖夏日出逃 vlog🌊 和小伙伴们一起，两天一夜环湖玩水 吹晚风吃湖鲜，治愈所有疲惫#千岛湖团建 #江浙沪团建 #公司团建 #团建 #千岛湖团建vlog团建策划师-小橘🍊20260611.mp4"
"2026-07-03 20:23:46","recycled","1080","1000","0.969","crop_split|output_horizontal","D:\Download\素材下载\团建视频\千岛湖智能镜头分类\05_项目活动\玩水互动\133_千岛湖_玩水互动_裁剪分割__CV019_S008.mp4","","D:\Download\素材下载\团建视频\千岛湖-原视频素材\赞1评1千岛湖夏日出逃 vlog🌊 和小伙伴们一起，两天一夜环湖玩水 吹晚风吃湖鲜，治愈所有疲惫#千岛湖团建 #江浙沪团建 #公司团建 #团建 #千岛湖团建vlog团建策划师-小橘🍊20260611.mp4"
"2026-07-03 20:23:46","recycled","1080","1000","0.4","crop_split|output_horizontal","D:\Download\素材下载\团建视频\千岛湖智能镜头分类\05_项目活动\玩水互动\134_千岛湖_玩水互动_裁剪分割__CV019_S009.mp4","","D:\Download\素材下载\团建视频\千岛湖-原视频素材\赞1评1千岛湖夏日出逃 vlog🌊 和小伙伴们一起，两天一夜环湖玩水 吹晚风吃湖鲜，治愈所有疲惫#千岛湖团建 #江浙沪团建 #公司团建 #团建 #千岛湖团建vlog团建策划师-小橘🍊20260611.mp4"
"2026-07-03 20:23:46","recycled","1080","1000","0.701","crop_split|output_horizontal","D:\Download\素材下载\团建视频\千岛湖智能镜头分类\05_项目活动\玩水互动\135_千岛湖_玩水互动_裁剪分割__CV019_S010.mp4","","D:\Download\素材下载\团建视频\千岛湖-原视频素材\赞1评1千岛湖夏日出逃 vlog🌊 和小伙伴们一起，两天一夜环湖玩水 吹晚风吃湖鲜，治愈所有疲惫#千岛湖团建 #江浙沪团建 #公司团建 #团建 #千岛湖团建vlog团建策划师-小橘🍊20260611.mp4"
"2026-07-03 20:23:46","recycled","1080","1000","0.569","crop_split|output_horizontal","D:\Download\素材下载\团建视频\千岛湖智能镜头分类\05_项目活动\玩水互动\136_千岛湖_玩水互动_裁剪分割__CV019_S011.mp4","","D:\Download\素材下载\团建视频\千岛湖-原视频素材\赞1评1千岛湖夏日出逃 vlog🌊 和小伙伴们一起，两天一夜环湖玩水 吹晚风吃湖鲜，治愈所有疲惫#千岛湖团建 #江浙沪团建 #公司团建 #团建 #千岛湖团建vlog团建策划师-小橘🍊20260611.mp4"
"2026-07-03 20:23:47","recycled","1080","1000","0.193","crop_split|output_horizontal","D:\Download\素材下载\团建视频\千岛湖智能镜头分类\05_项目活动\玩水互动\137_千岛湖_玩水互动_裁剪分割__CV019_S012.mp4","","D:\Download\素材下载\团建视频\千岛湖-原视频素材\赞1评1千岛湖夏日出逃 vlog🌊 和小伙伴们一起，两天一夜环湖玩水 吹晚风吃湖鲜，治愈所有疲惫#千岛湖团建 #江浙沪团建 #公司团建 #团建 #千岛湖团建vlog团建策划师-小橘🍊20260611.mp4"
"2026-07-03 20:23:47","recycled","1080","1000","0.225","crop_split|output_horizontal","D:\Download\素材下载\团建视频\千岛湖智能镜头分类\05_项目活动\玩水互动\138_千岛湖_玩水互动_裁剪分割__CV019_S013.mp4","","D:\Download\素材下载\团建视频\千岛湖-原视频素材\赞1评1千岛湖夏日出逃 vlog🌊 和小伙伴们一起，两天一夜环湖玩水 吹晚风吃湖鲜，治愈所有疲惫#千岛湖团建 #江浙沪团建 #公司团建 #团建 #千岛湖团建vlog团建策划师-小橘🍊20260611.mp4"
"2026-07-03 20:23:47","recycled","1080","1000","0.615","crop_split|output_horizontal","D:\Download\素材下载\团建视频\千岛湖智能镜头分类\05_项目活动\玩水互动\139_千岛湖_玩水互动_裁剪分割__CV019_S014.mp4","","D:\Download\素材下载\团建视频\千岛湖-原视频素材\赞1评1千岛湖夏日出逃 vlog🌊 和小伙伴们一起，两天一夜环湖玩水 吹晚风吃湖鲜，治愈所有疲惫#千岛湖团建 #江浙沪团建 #公司团建 #团建 #千岛湖团建vlog团建策划师-小橘🍊20260611.mp4"
"2026-07-03 20:23:47","recycled","1080","1000","1.011","crop_split|output_horizontal","D:\Download\素材下载\团建视频\千岛湖智能镜头分类\05_项目活动\玩水互动\140_千岛湖_玩水互动_裁剪分割__CV019_S015.mp4","","D:\Download\素材下载\团建视频\千岛湖-原视频素材\赞1评1千岛湖夏日出逃 vlog🌊 和小伙伴们一起，两天一夜环湖玩水 吹晚风吃湖鲜，治愈所有疲惫#千岛湖团建 #江浙沪团建 #公司团建 #团建 #千岛湖团建vlog团建策划师-小橘🍊20260611.mp4"
"2026-07-03 20:23:47","recycled","1080","1000","0.874","crop_split|output_horizontal","D:\Download\素材下载\团建视频\千岛湖智能镜头分类\05_项目活动\玩水互动\141_千岛湖_玩水互动_裁剪分割__CV019_S016.mp4","","D:\Download\素材下载\团建视频\千岛湖-原视频素材\赞1评1千岛湖夏日出逃 vlog🌊 和小伙伴们一起，两天一夜环湖玩水 吹晚风吃湖鲜，治愈所有疲惫#千岛湖团建 #江浙沪团建 #公司团建 #团建 #千岛湖团建vlog团建策划师-小橘🍊20260611.mp4"
"2026-07-03 20:23:47","recycled","1080","1000","0.324","crop_split|output_horizontal","D:\Download\素材下载\团建视频\千岛湖智能镜头分类\05_项目活动\玩水互动\142_千岛湖_玩水互动_裁剪分割__CV019_S017.mp4","","D:\Download\素材下载\团建视频\千岛湖-原视频素材\赞1评1千岛湖夏日出逃 vlog🌊 和小伙伴们一起，两天一夜环湖玩水 吹晚风吃湖鲜，治愈所有疲惫#千岛湖团建 #江浙沪团建 #公司团建 #团建 #千岛湖团建vlog团建策划师-小橘🍊20260611.mp4"
"2026-07-03 20:23:47","recycled","1080","1000","1.317","crop_split|output_horizontal","D:\Download\素材下载\团建视频\千岛湖智能镜头分类\05_项目活动\玩水互动\143_千岛湖_玩水互动_裁剪分割__CV019_S018.mp4","","D:\Download\素材下载\团建视频\千岛湖-原视频素材\赞1评1千岛湖夏日出逃 vlog🌊 和小伙伴们一起，两天一夜环湖玩水 吹晚风吃湖鲜，治愈所有疲惫#千岛湖团建 #江浙沪团建 #公司团建 #团建 #千岛湖团建vlog团建策划师-小橘🍊20260611.mp4"
"2026-07-03 20:23:47","recycled","1080","1000","0.786","crop_split|output_horizontal","D:\Download\素材下载\团建视频\千岛湖智能镜头分类\05_项目活动\玩水互动\144_千岛湖_玩水互动_裁剪分割__CV019_S019.mp4","","D:\Download\素材下载\团建视频\千岛湖-原视频素材\赞1评1千岛湖夏日出逃 vlog🌊 和小伙伴们一起，两天一夜环湖玩水 吹晚风吃湖鲜，治愈所有疲惫#千岛湖团建 #江浙沪团建 #公司团建 #团建 #千岛湖团建vlog团建策划师-小橘🍊20260611.mp4"
"2026-07-03 20:23:47","recycled","1080","1000","1.638","crop_split|output_horizontal","D:\Download\素材下载\团建视频\千岛湖智能镜头分类\05_项目活动\玩水互动\145_千岛湖_玩水互动_裁剪分割__CV019_S020.mp4","","D:\Download\素材下载\团建视频\千岛湖-原视频素材\赞1评1千岛湖夏日出逃 vlog🌊 和小伙伴们一起，两天一夜环湖玩水 吹晚风吃湖鲜，治愈所有疲惫#千岛湖团建 #江浙沪团建 #公司团建 #团建 #千岛湖团建vlog团建策划师-小橘🍊20260611.mp4"
"2026-07-03 20:23:47","recycled","1080","1000","0.546","crop_split|output_horizontal","D:\Download\素材下载\团建视频\千岛湖智能镜头分类\05_项目活动\玩水互动\146_千岛湖_玩水互动_裁剪分割__CV019_S021.mp4","","D:\Download\素材下载\团建视频\千岛湖-原视频素材\赞1评1千岛湖夏日出逃 vlog🌊 和小伙伴们一起，两天一夜环湖玩水 吹晚风吃湖鲜，治愈所有疲惫#千岛湖团建 #江浙沪团建 #公司团建 #团建 #千岛湖团建vlog团建策划师-小橘🍊20260611.mp4"
"2026-07-03 20:23:47","recycled","1080","1000","0.86","crop_split|output_horizontal","D:\Download\素材下载\团建视频\千岛湖智能镜头分类\05_项目活动\玩水互动\147_千岛湖_玩水互动_裁剪分割__CV019_S022.mp4","","D:\Download\素材下载\团建视频\千岛湖-原视频素材\赞1评1千岛湖夏日出逃 vlog🌊 和小伙伴们一起，两天一夜环湖玩水 吹晚风吃湖鲜，治愈所有疲惫#千岛湖团建 #江浙沪团建 #公司团建 #团建 #千岛湖团建vlog团建策划师-小橘🍊20260611.mp4"
"2026-07-03 20:23:47","recycled","1080","1000","0.311","crop_split|output_horizontal","D:\Download\素材下载\团建视频\千岛湖智能镜头分类\05_项目活动\玩水互动\148_千岛湖_玩水互动_裁剪分割__CV019_S023.mp4","","D:\Download\素材下载\团建视频\千岛湖-原视频素材\赞1评1千岛湖夏日出逃 vlog🌊 和小伙伴们一起，两天一夜环湖玩水 吹晚风吃湖鲜，治愈所有疲惫#千岛湖团建 #江浙沪团建 #公司团建 #团建 #千岛湖团建vlog团建策划师-小橘🍊20260611.mp4"
"2026-07-03 20:23:47","recycled","1080","1000","0.96","crop_split|output_horizontal","D:\Download\素材下载\团建视频\千岛湖智能镜头分类\05_项目活动\玩水互动\149_千岛湖_玩水互动_裁剪分割__CV019_S024.mp4","","D:\Download\素材下载\团建视频\千岛湖-原视频素材\赞1评1千岛湖夏日出逃 vlog🌊 和小伙伴们一起，两天一夜环湖玩水 吹晚风吃湖鲜，治愈所有疲惫#千岛湖团建 #江浙沪团建 #公司团建 #团建 #千岛湖团建vlog团建策划师-小橘🍊20260611.mp4"
"2026-07-03 20:23:47","recycled","1080","1000","1.803","crop_split|output_horizontal","D:\Download\素材下载\团建视频\千岛湖智能镜头分类\05_项目活动\玩水互动\150_千岛湖_玩水互动_裁剪分割__CV019_S025.mp4","","D:\Download\素材下载\团建视频\千岛湖-原视频素材\赞1评1千岛湖夏日出逃 vlog🌊 和小伙伴们一起，两天一夜环湖玩水 吹晚风吃湖鲜，治愈所有疲惫#千岛湖团建 #江浙沪团建 #公司团建 #团建 #千岛湖团建vlog团建策划师-小橘🍊20260611.mp4"
"2026-07-03 20:23:47","recycled","1080","1000","0.698","crop_split|output_horizontal","D:\Download\素材下载\团建视频\千岛湖智能镜头分类\05_项目活动\玩水互动\151_千岛湖_玩水互动_裁剪分割__CV019_S026.mp4","","D:\Download\素材下载\团建视频\千岛湖-原视频素材\赞1评1千岛湖夏日出逃 vlog🌊 和小伙伴们一起，两天一夜环湖玩水 吹晚风吃湖鲜，治愈所有疲惫#千岛湖团建 #江浙沪团建 #公司团建 #团建 #千岛湖团建vlog团建策划师-小橘🍊20260611.mp4"
"2026-07-03 20:23:47","recycled","1080","1000","0.367","crop_split|output_horizontal","D:\Download\素材下载\团建视频\千岛湖智能镜头分类\05_项目活动\玩水互动\152_千岛湖_玩水互动_裁剪分割__CV019_S027.mp4","","D:\Download\素材下载\团建视频\千岛湖-原视频素材\赞1评1千岛湖夏日出逃 vlog🌊 和小伙伴们一起，两天一夜环湖玩水 吹晚风吃湖鲜，治愈所有疲惫#千岛湖团建 #江浙沪团建 #公司团建 #团建 #千岛湖团建vlog团建策划师-小橘🍊20260611.mp4"
"2026-07-03 20:23:47","recycled","1080","1000","0.517","crop_split|output_horizontal","D:\Download\素材下载\团建视频\千岛湖智能镜头分类\05_项目活动\玩水互动\153_千岛湖_玩水互动_裁剪分割__CV019_S028.mp4","","D:\Download\素材下载\团建视频\千岛湖-原视频素材\赞1评1千岛湖夏日出逃 vlog🌊 和小伙伴们一起，两天一夜环湖玩水 吹晚风吃湖鲜，治愈所有疲惫#千岛湖团建 #江浙沪团建 #公司团建 #团建 #千岛湖团建vlog团建策划师-小橘🍊20260611.mp4"
"2026-07-03 20:23:47","recycled","1080","1000","0.338","crop_split|output_horizontal","D:\Download\素材下载\团建视频\千岛湖智能镜头分类\05_项目活动\玩水互动\154_千岛湖_玩水互动_裁剪分割__CV019_S029.mp4","","D:\Download\素材下载\团建视频\千岛湖-原视频素材\赞1评1千岛湖夏日出逃 vlog🌊 和小伙伴们一起，两天一夜环湖玩水 吹晚风吃湖鲜，治愈所有疲惫#千岛湖团建 #江浙沪团建 #公司团建 #团建 #千岛湖团建vlog团建策划师-小橘🍊20260611.mp4"
"2026-07-03 20:23:47","recycled","1080","1000","0.502","crop_split|output_horizontal","D:\Download\素材下载\团建视频\千岛湖智能镜头分类\05_项目活动\玩水互动\155_千岛湖_玩水互动_裁剪分割__CV019_S030.mp4","","D:\Download\素材下载\团建视频\千岛湖-原视频素材\赞1评1千岛湖夏日出逃 vlog🌊 和小伙伴们一起，两天一夜环湖玩水 吹晚风吃湖鲜，治愈所有疲惫#千岛湖团建 #江浙沪团建 #公司团建 #团建 #千岛湖团建vlog团建策划师-小橘🍊20260611.mp4"
"2026-07-03 20:23:47","recycled","1080","1000","0.815","crop_split|output_horizontal","D:\Download\素材下载\团建视频\千岛湖智能镜头分类\05_项目活动\玩水互动\156_千岛湖_玩水互动_裁剪分割__CV019_S031.mp4","","D:\Download\素材下载\团建视频\千岛湖-原视频素材\赞1评1千岛湖夏日出逃 vlog🌊 和小伙伴们一起，两天一夜环湖玩水 吹晚风吃湖鲜，治愈所有疲惫#千岛湖团建 #江浙沪团建 #公司团建 #团建 #千岛湖团建vlog团建策划师-小橘🍊20260611.mp4"
"2026-07-03 20:23:47","recycled","1080","1000","1.125","crop_split|output_horizontal","D:\Download\素材下载\团建视频\千岛湖智能镜头分类\05_项目活动\玩水互动\157_千岛湖_玩水互动_裁剪分割__CV019_S032.mp4","","D:\Download\素材下载\团建视频\千岛湖-原视频素材\赞1评1千岛湖夏日出逃 vlog🌊 和小伙伴们一起，两天一夜环湖玩水 吹晚风吃湖鲜，治愈所有疲惫#千岛湖团建 #江浙沪团建 #公司团建 #团建 #千岛湖团建vlog团建策划师-小橘🍊20260611.mp4"
"2026-07-03 20:23:47","recycled","1080","1000","0.513","crop_split|output_horizontal","D:\Download\素材下载\团建视频\千岛湖智能镜头分类\05_项目活动\玩水互动\158_千岛湖_玩水互动_裁剪分割__CV019_S033.mp4","","D:\Download\素材下载\团建视频\千岛湖-原视频素材\赞1评1千岛湖夏日出逃 vlog🌊 和小伙伴们一起，两天一夜环湖玩水 吹晚风吃湖鲜，治愈所有疲惫#千岛湖团建 #江浙沪团建 #公司团建 #团建 #千岛湖团建vlog团建策划师-小橘🍊20260611.mp4"
"2026-07-03 20:23:47","recycled","1080","1000","0.958","crop_split|output_horizontal","D:\Download\素材下载\团建视频\千岛湖智能镜头分类\05_项目活动\玩水互动\159_千岛湖_玩水互动_裁剪分割__CV019_S034.mp4","","D:\Download\素材下载\团建视频\千岛湖-原视频素材\赞1评1千岛湖夏日出逃 vlog🌊 和小伙伴们一起，两天一夜环湖玩水 吹晚风吃湖鲜，治愈所有疲惫#千岛湖团建 #江浙沪团建 #公司团建 #团建 #千岛湖团建vlog团建策划师-小橘🍊20260611.mp4"
"2026-07-03 20:23:47","recycled","1080","1000","0.818","crop_split|output_horizontal","D:\Download\素材下载\团建视频\千岛湖智能镜头分类\05_项目活动\玩水互动\160_千岛湖_玩水互动_裁剪分割__CV019_S035.mp4","","D:\Download\素材下载\团建视频\千岛湖-原视频素材\赞1评1千岛湖夏日出逃 vlog🌊 和小伙伴们一起，两天一夜环湖玩水 吹晚风吃湖鲜，治愈所有疲惫#千岛湖团建 #江浙沪团建 #公司团建 #团建 #千岛湖团建vlog团建策划师-小橘🍊20260611.mp4"
"2026-07-03 20:23:48","recycled","1080","1000","0.754","crop_split|output_horizontal","D:\Download\素材下载\团建视频\千岛湖智能镜头分类\05_项目活动\玩水互动\161_千岛湖_玩水互动_裁剪分割__CV019_S036.mp4","","D:\Download\素材下载\团建视频\千岛湖-原视频素材\赞1评1千岛湖夏日出逃 vlog🌊 和小伙伴们一起，两天一夜环湖玩水 吹晚风吃湖鲜，治愈所有疲惫#千岛湖团建 #江浙沪团建 #公司团建 #团建 #千岛湖团建vlog团建策划师-小橘🍊20260611.mp4"
"2026-07-03 20:23:48","recycled","1080","1000","0.775","crop_split|output_horizontal","D:\Download\素材下载\团建视频\千岛湖智能镜头分类\05_项目活动\玩水互动\162_千岛湖_玩水互动_裁剪分割__CV019_S037.mp4","","D:\Download\素材下载\团建视频\千岛湖-原视频素材\赞1评1千岛湖夏日出逃 vlog🌊 和小伙伴们一起，两天一夜环湖玩水 吹晚风吃湖鲜，治愈所有疲惫#千岛湖团建 #江浙沪团建 #公司团建 #团建 #千岛湖团建vlog团建策划师-小橘🍊20260611.mp4"
"2026-07-03 20:23:48","recycled","1080","1000","0.32","crop_split|output_horizontal","D:\Download\素材下载\团建视频\千岛湖智能镜头分类\05_项目活动\玩水互动\163_千岛湖_玩水互动_裁剪分割__CV019_S038.mp4","","D:\Download\素材下载\团建视频\千岛湖-原视频素材\赞1评1千岛湖夏日出逃 vlog🌊 和小伙伴们一起，两天一夜环湖玩水 吹晚风吃湖鲜，治愈所有疲惫#千岛湖团建 #江浙沪团建 #公司团建 #团建 #千岛湖团建vlog团建策划师-小橘🍊20260611.mp4"
"2026-07-03 20:23:48","recycled","1080","1000","0.386","crop_split|output_horizontal","D:\Download\素材下载\团建视频\千岛湖智能镜头分类\05_项目活动\玩水互动\164_千岛湖_玩水互动_裁剪分割__CV019_S039.mp4","","D:\Download\素材下载\团建视频\千岛湖-原视频素材\赞1评1千岛湖夏日出逃 vlog🌊 和小伙伴们一起，两天一夜环湖玩水 吹晚风吃湖鲜，治愈所有疲惫#千岛湖团建 #江浙沪团建 #公司团建 #团建 #千岛湖团建vlog团建策划师-小橘🍊20260611.mp4"
"2026-07-03 20:23:48","recycled","1080","468","0.002","crop_split|output_horizontal|small_frame|source_horizontal_or_pseudo","D:\Download\素材下载\团建视频\安吉智能镜头分类\04_餐饮美食\001_安吉_餐饮美食_裁剪分割__CV004_S027.mp4","","D:\Download\素材下载\团建视频\安吉-原视频素材\赞155评56安吉团建💦人均500元起🔥吃住行全包‼️#安吉团建 #杭州周边团建 #上海周边团建 #江浙沪团建 #团建17趣团建20250909.mp4"
"2026-07-03 20:23:48","recycled","720","650","0.38","crop_split|output_horizontal|small_frame","D:\Download\素材下载\团建视频\安吉智能镜头分类\90_待人工分类\裁剪分割待复核\028_安吉_待人工分类_裁剪分割__CV009_S006.mp4","","D:\Download\素材下载\团建视频\安吉-原视频素材\赞6评3安吉团建，夏天太适合啦，人均500+ #安吉团建#江浙沪团建杭州江湖团建20260602.mp4"
"2026-07-03 20:23:48","recycled","720","650","1.713","crop_split|output_horizontal|small_frame","D:\Download\素材下载\团建视频\安吉智能镜头分类\90_待人工分类\裁剪分割待复核\029_安吉_待人工分类_裁剪分割__CV009_S007.mp4","","D:\Download\素材下载\团建视频\安吉-原视频素材\赞6评3安吉团建，夏天太适合啦，人均500+ #安吉团建#江浙沪团建杭州江湖团建20260602.mp4"
"2026-07-03 20:23:48","recycled","720","650","0.466","crop_split|output_horizontal|small_frame","D:\Download\素材下载\团建视频\安吉智能镜头分类\90_待人工分类\裁剪分割待复核\030_安吉_待人工分类_裁剪分割__CV009_S012.mp4","","D:\Download\素材下载\团建视频\安吉-原视频素材\赞6评3安吉团建，夏天太适合啦，人均500+ #安吉团建#江浙沪团建杭州江湖团建20260602.mp4"
"2026-07-03 20:23:48","recycled","720","650","1.278","crop_split|output_horizontal|small_frame","D:\Download\素材下载\团建视频\安吉智能镜头分类\90_待人工分类\裁剪分割待复核\031_安吉_待人工分类_裁剪分割__CV009_S013.mp4","","D:\Download\素材下载\团建视频\安吉-原视频素材\赞6评3安吉团建，夏天太适合啦，人均500+ #安吉团建#江浙沪团建杭州江湖团建20260602.mp4"
"2026-07-03 20:23:48","recycled","720","650","0.669","crop_split|output_horizontal|small_frame","D:\Download\素材下载\团建视频\安吉智能镜头分类\90_待人工分类\裁剪分割待复核\032_安吉_待人工分类_裁剪分割__CV009_S014.mp4","","D:\Download\素材下载\团建视频\安吉-原视频素材\赞6评3安吉团建，夏天太适合啦，人均500+ #安吉团建#江浙沪团建杭州江湖团建20260602.mp4"
"2026-07-03 20:23:48","recycled","720","650","0.787","crop_split|output_horizontal|small_frame","D:\Download\素材下载\团建视频\安吉智能镜头分类\90_待人工分类\裁剪分割待复核\033_安吉_待人工分类_裁剪分割__CV009_S016.mp4","","D:\Download\素材下载\团建视频\安吉-原视频素材\赞6评3安吉团建，夏天太适合啦，人均500+ #安吉团建#江浙沪团建杭州江湖团建20260602.mp4"
"2026-07-03 20:23:48","recycled","720","650","0.224","crop_split|output_horizontal|small_frame","D:\Download\素材下载\团建视频\安吉智能镜头分类\90_待人工分类\裁剪分割待复核\034_安吉_待人工分类_裁剪分割__CV009_S020.mp4","","D:\Download\素材下载\团建视频\安吉-原视频素材\赞6评3安吉团建，夏天太适合啦，人均500+ #安吉团建#江浙沪团建杭州江湖团建20260602.mp4"
"2026-07-03 20:23:48","recycled","720","590","0.737","crop_split|output_horizontal|small_frame","D:\Download\素材下载\团建视频\安吉智能镜头分类\05_项目活动\漂流\035_安吉_漂流_裁剪分割__CV010_S007.mp4","","D:\Download\素材下载\团建视频\安吉-原视频素材\赞6评7安吉2天1晚｜避暑漂流团建一站式方案📅 团建做到员工盼着去是什么体验💦漂流｜烤全羊｜山地滑车｜篝火烟花一次全拿下杭州周边短途团建首选地📍安吉 安吉2天1晚｜定时精简行程📅Day1 玩水狂欢日💦0830｜杭州统一集合发车🚌1000｜抵达安吉，享用本土农家正餐🥘1330｜将军关漂流+山间溯溪、全员泼水大.mp4"
"2026-07-03 20:23:48","recycled","720","590","2.74","crop_split|output_horizontal|small_frame","D:\Download\素材下载\团建视频\安吉智能镜头分类\05_项目活动\漂流\036_安吉_漂流_裁剪分割__CV010_S024.mp4","","D:\Download\素材下载\团建视频\安吉-原视频素材\赞6评7安吉2天1晚｜避暑漂流团建一站式方案📅 团建做到员工盼着去是什么体验💦漂流｜烤全羊｜山地滑车｜篝火烟花一次全拿下杭州周边短途团建首选地📍安吉 安吉2天1晚｜定时精简行程📅Day1 玩水狂欢日💦0830｜杭州统一集合发车🚌1000｜抵达安吉，享用本土农家正餐🥘1330｜将军关漂流+山间溯溪、全员泼水大.mp4"
"2026-07-03 20:23:48","recycled","720","590","0.69","crop_split|output_horizontal|small_frame","D:\Download\素材下载\团建视频\安吉智能镜头分类\05_项目活动\漂流\037_安吉_漂流_裁剪分割__CV010_S028.mp4","","D:\Download\素材下载\团建视频\安吉-原视频素材\赞6评7安吉2天1晚｜避暑漂流团建一站式方案📅 团建做到员工盼着去是什么体验💦漂流｜烤全羊｜山地滑车｜篝火烟花一次全拿下杭州周边短途团建首选地📍安吉 安吉2天1晚｜定时精简行程📅Day1 玩水狂欢日💦0830｜杭州统一集合发车🚌1000｜抵达安吉，享用本土农家正餐🥘1330｜将军关漂流+山间溯溪、全员泼水大.mp4"
"2026-07-03 20:23:48","recycled","720","590","0.139","crop_split|output_horizontal|small_frame","D:\Download\素材下载\团建视频\安吉智能镜头分类\05_项目活动\漂流\038_安吉_漂流_裁剪分割__CV010_S029.mp4","","D:\Download\素材下载\团建视频\安吉-原视频素材\赞6评7安吉2天1晚｜避暑漂流团建一站式方案📅 团建做到员工盼着去是什么体验💦漂流｜烤全羊｜山地滑车｜篝火烟花一次全拿下杭州周边短途团建首选地📍安吉 安吉2天1晚｜定时精简行程📅Day1 玩水狂欢日💦0830｜杭州统一集合发车🚌1000｜抵达安吉，享用本土农家正餐🥘1330｜将军关漂流+山间溯溪、全员泼水大.mp4"
"2026-07-03 20:23:48","recycled","720","590","1.139","crop_split|output_horizontal|small_frame","D:\Download\素材下载\团建视频\安吉智能镜头分类\05_项目活动\漂流\039_安吉_漂流_裁剪分割__CV010_S030.mp4","","D:\Download\素材下载\团建视频\安吉-原视频素材\赞6评7安吉2天1晚｜避暑漂流团建一站式方案📅 团建做到员工盼着去是什么体验💦漂流｜烤全羊｜山地滑车｜篝火烟花一次全拿下杭州周边短途团建首选地📍安吉 安吉2天1晚｜定时精简行程📅Day1 玩水狂欢日💦0830｜杭州统一集合发车🚌1000｜抵达安吉，享用本土农家正餐🥘1330｜将军关漂流+山间溯溪、全员泼水大.mp4"
"2026-07-03 20:23:48","recycled","480","474","0.709","crop_split|output_horizontal|small_frame","D:\Download\素材下载\团建视频\莫干山智能镜头分类\04_餐饮美食\040_莫干山_餐饮美食_裁剪分割__CV005_S001.mp4","","D:\Download\素材下载\团建视频\莫干山-原视频素材\赞12评430人莫干山团建，吃好玩好住好，需要花多少钱？ #莫干山团建 #莫干山团建方案 #江浙沪团建 #莫干山团建策划 #杭州团建 还想看多少人的团建策划方案，打在评论区团建策划师-嘻嘻20251216.mp4"
"2026-07-03 20:23:48","recycled","480","474","0.21","crop_split|output_horizontal|small_frame","D:\Download\素材下载\团建视频\莫干山智能镜头分类\04_餐饮美食\041_莫干山_餐饮美食_裁剪分割__CV005_S002.mp4","","D:\Download\素材下载\团建视频\莫干山-原视频素材\赞12评430人莫干山团建，吃好玩好住好，需要花多少钱？ #莫干山团建 #莫干山团建方案 #江浙沪团建 #莫干山团建策划 #杭州团建 还想看多少人的团建策划方案，打在评论区团建策划师-嘻嘻20251216.mp4"
"2026-07-03 20:23:48","recycled","480","474","0.061","crop_split|output_horizontal|small_frame","D:\Download\素材下载\团建视频\莫干山智能镜头分类\04_餐饮美食\042_莫干山_餐饮美食_裁剪分割__CV005_S003.mp4","","D:\Download\素材下载\团建视频\莫干山-原视频素材\赞12评430人莫干山团建，吃好玩好住好，需要花多少钱？ #莫干山团建 #莫干山团建方案 #江浙沪团建 #莫干山团建策划 #杭州团建 还想看多少人的团建策划方案，打在评论区团建策划师-嘻嘻20251216.mp4"
"2026-07-03 20:23:48","recycled","480","474","0.052","crop_split|output_horizontal|small_frame","D:\Download\素材下载\团建视频\莫干山智能镜头分类\04_餐饮美食\043_莫干山_餐饮美食_裁剪分割__CV005_S004.mp4","","D:\Download\素材下载\团建视频\莫干山-原视频素材\赞12评430人莫干山团建，吃好玩好住好，需要花多少钱？ #莫干山团建 #莫干山团建方案 #江浙沪团建 #莫干山团建策划 #杭州团建 还想看多少人的团建策划方案，打在评论区团建策划师-嘻嘻20251216.mp4"
"2026-07-03 20:23:48","recycled","480","474","0.077","crop_split|output_horizontal|small_frame","D:\Download\素材下载\团建视频\莫干山智能镜头分类\04_餐饮美食\044_莫干山_餐饮美食_裁剪分割__CV005_S005.mp4","","D:\Download\素材下载\团建视频\莫干山-原视频素材\赞12评430人莫干山团建，吃好玩好住好，需要花多少钱？ #莫干山团建 #莫干山团建方案 #江浙沪团建 #莫干山团建策划 #杭州团建 还想看多少人的团建策划方案，打在评论区团建策划师-嘻嘻20251216.mp4"
"2026-07-03 20:23:48","recycled","480","474","0.066","crop_split|output_horizontal|small_frame","D:\Download\素材下载\团建视频\莫干山智能镜头分类\04_餐饮美食\045_莫干山_餐饮美食_裁剪分割__CV005_S006.mp4","","D:\Download\素材下载\团建视频\莫干山-原视频素材\赞12评430人莫干山团建，吃好玩好住好，需要花多少钱？ #莫干山团建 #莫干山团建方案 #江浙沪团建 #莫干山团建策划 #杭州团建 还想看多少人的团建策划方案，打在评论区团建策划师-嘻嘻20251216.mp4"
"2026-07-03 20:23:48","recycled","480","474","0.031","crop_split|output_horizontal|small_frame","D:\Download\素材下载\团建视频\莫干山智能镜头分类\04_餐饮美食\046_莫干山_餐饮美食_裁剪分割__CV005_S007.mp4","","D:\Download\素材下载\团建视频\莫干山-原视频素材\赞12评430人莫干山团建，吃好玩好住好，需要花多少钱？ #莫干山团建 #莫干山团建方案 #江浙沪团建 #莫干山团建策划 #杭州团建 还想看多少人的团建策划方案，打在评论区团建策划师-嘻嘻20251216.mp4"
"2026-07-03 20:23:49","recycled","480","474","0.048","crop_split|output_horizontal|small_frame","D:\Download\素材下载\团建视频\莫干山智能镜头分类\04_餐饮美食\047_莫干山_餐饮美食_裁剪分割__CV005_S008.mp4","","D:\Download\素材下载\团建视频\莫干山-原视频素材\赞12评430人莫干山团建，吃好玩好住好，需要花多少钱？ #莫干山团建 #莫干山团建方案 #江浙沪团建 #莫干山团建策划 #杭州团建 还想看多少人的团建策划方案，打在评论区团建策划师-嘻嘻20251216.mp4"
"2026-07-03 20:23:49","recycled","480","474","0.044","crop_split|output_horizontal|small_frame","D:\Download\素材下载\团建视频\莫干山智能镜头分类\04_餐饮美食\048_莫干山_餐饮美食_裁剪分割__CV005_S009.mp4","","D:\Download\素材下载\团建视频\莫干山-原视频素材\赞12评430人莫干山团建，吃好玩好住好，需要花多少钱？ #莫干山团建 #莫干山团建方案 #江浙沪团建 #莫干山团建策划 #杭州团建 还想看多少人的团建策划方案，打在评论区团建策划师-嘻嘻20251216.mp4"
"2026-07-03 20:23:49","recycled","480","474","0.086","crop_split|output_horizontal|small_frame","D:\Download\素材下载\团建视频\莫干山智能镜头分类\04_餐饮美食\049_莫干山_餐饮美食_裁剪分割__CV005_S010.mp4","","D:\Download\素材下载\团建视频\莫干山-原视频素材\赞12评430人莫干山团建，吃好玩好住好，需要花多少钱？ #莫干山团建 #莫干山团建方案 #江浙沪团建 #莫干山团建策划 #杭州团建 还想看多少人的团建策划方案，打在评论区团建策划师-嘻嘻20251216.mp4"
"2026-07-03 20:23:49","recycled","480","474","0.239","crop_split|output_horizontal|small_frame","D:\Download\素材下载\团建视频\莫干山智能镜头分类\04_餐饮美食\050_莫干山_餐饮美食_裁剪分割__CV005_S011.mp4","","D:\Download\素材下载\团建视频\莫干山-原视频素材\赞12评430人莫干山团建，吃好玩好住好，需要花多少钱？ #莫干山团建 #莫干山团建方案 #江浙沪团建 #莫干山团建策划 #杭州团建 还想看多少人的团建策划方案，打在评论区团建策划师-嘻嘻20251216.mp4"
"2026-07-03 20:23:49","recycled","480","474","0.176","crop_split|output_horizontal|small_frame","D:\Download\素材下载\团建视频\莫干山智能镜头分类\04_餐饮美食\051_莫干山_餐饮美食_裁剪分割__CV005_S012.mp4","","D:\Download\素材下载\团建视频\莫干山-原视频素材\赞12评430人莫干山团建，吃好玩好住好，需要花多少钱？ #莫干山团建 #莫干山团建方案 #江浙沪团建 #莫干山团建策划 #杭州团建 还想看多少人的团建策划方案，打在评论区团建策划师-嘻嘻20251216.mp4"
"2026-07-03 20:23:49","recycled","480","474","0.227","crop_split|output_horizontal|small_frame","D:\Download\素材下载\团建视频\莫干山智能镜头分类\04_餐饮美食\052_莫干山_餐饮美食_裁剪分割__CV005_S013.mp4","","D:\Download\素材下载\团建视频\莫干山-原视频素材\赞12评430人莫干山团建，吃好玩好住好，需要花多少钱？ #莫干山团建 #莫干山团建方案 #江浙沪团建 #莫干山团建策划 #杭州团建 还想看多少人的团建策划方案，打在评论区团建策划师-嘻嘻20251216.mp4"
"2026-07-03 20:23:49","recycled","480","474","0.233","crop_split|output_horizontal|small_frame","D:\Download\素材下载\团建视频\莫干山智能镜头分类\04_餐饮美食\053_莫干山_餐饮美食_裁剪分割__CV005_S014.mp4","","D:\Download\素材下载\团建视频\莫干山-原视频素材\赞12评430人莫干山团建，吃好玩好住好，需要花多少钱？ #莫干山团建 #莫干山团建方案 #江浙沪团建 #莫干山团建策划 #杭州团建 还想看多少人的团建策划方案，打在评论区团建策划师-嘻嘻20251216.mp4"
"2026-07-03 20:23:49","recycled","480","474","0.159","crop_split|output_horizontal|small_frame","D:\Download\素材下载\团建视频\莫干山智能镜头分类\04_餐饮美食\054_莫干山_餐饮美食_裁剪分割__CV005_S015.mp4","","D:\Download\素材下载\团建视频\莫干山-原视频素材\赞12评430人莫干山团建，吃好玩好住好，需要花多少钱？ #莫干山团建 #莫干山团建方案 #江浙沪团建 #莫干山团建策划 #杭州团建 还想看多少人的团建策划方案，打在评论区团建策划师-嘻嘻20251216.mp4"
"2026-07-03 20:23:49","recycled","480","474","0.382","crop_split|output_horizontal|small_frame","D:\Download\素材下载\团建视频\莫干山智能镜头分类\04_餐饮美食\055_莫干山_餐饮美食_裁剪分割__CV005_S016.mp4","","D:\Download\素材下载\团建视频\莫干山-原视频素材\赞12评430人莫干山团建，吃好玩好住好，需要花多少钱？ #莫干山团建 #莫干山团建方案 #江浙沪团建 #莫干山团建策划 #杭州团建 还想看多少人的团建策划方案，打在评论区团建策划师-嘻嘻20251216.mp4"
"2026-07-03 20:23:49","recycled","480","474","0.256","crop_split|output_horizontal|small_frame","D:\Download\素材下载\团建视频\莫干山智能镜头分类\04_餐饮美食\056_莫干山_餐饮美食_裁剪分割__CV005_S017.mp4","","D:\Download\素材下载\团建视频\莫干山-原视频素材\赞12评430人莫干山团建，吃好玩好住好，需要花多少钱？ #莫干山团建 #莫干山团建方案 #江浙沪团建 #莫干山团建策划 #杭州团建 还想看多少人的团建策划方案，打在评论区团建策划师-嘻嘻20251216.mp4"
"2026-07-03 20:23:49","recycled","480","474","0.268","crop_split|output_horizontal|small_frame","D:\Download\素材下载\团建视频\莫干山智能镜头分类\04_餐饮美食\057_莫干山_餐饮美食_裁剪分割__CV005_S018.mp4","","D:\Download\素材下载\团建视频\莫干山-原视频素材\赞12评430人莫干山团建，吃好玩好住好，需要花多少钱？ #莫干山团建 #莫干山团建方案 #江浙沪团建 #莫干山团建策划 #杭州团建 还想看多少人的团建策划方案，打在评论区团建策划师-嘻嘻20251216.mp4"
"2026-07-03 20:23:49","recycled","480","474","0.145","crop_split|output_horizontal|small_frame","D:\Download\素材下载\团建视频\莫干山智能镜头分类\04_餐饮美食\058_莫干山_餐饮美食_裁剪分割__CV005_S019.mp4","","D:\Download\素材下载\团建视频\莫干山-原视频素材\赞12评430人莫干山团建，吃好玩好住好，需要花多少钱？ #莫干山团建 #莫干山团建方案 #江浙沪团建 #莫干山团建策划 #杭州团建 还想看多少人的团建策划方案，打在评论区团建策划师-嘻嘻20251216.mp4"
"2026-07-03 20:23:49","recycled","480","474","0.087","crop_split|output_horizontal|small_frame","D:\Download\素材下载\团建视频\莫干山智能镜头分类\04_餐饮美食\059_莫干山_餐饮美食_裁剪分割__CV005_S020.mp4","","D:\Download\素材下载\团建视频\莫干山-原视频素材\赞12评430人莫干山团建，吃好玩好住好，需要花多少钱？ #莫干山团建 #莫干山团建方案 #江浙沪团建 #莫干山团建策划 #杭州团建 还想看多少人的团建策划方案，打在评论区团建策划师-嘻嘻20251216.mp4"
"2026-07-03 20:23:49","recycled","480","474","0.488","crop_split|output_horizontal|small_frame","D:\Download\素材下载\团建视频\莫干山智能镜头分类\04_餐饮美食\060_莫干山_餐饮美食_裁剪分割__CV005_S021.mp4","","D:\Download\素材下载\团建视频\莫干山-原视频素材\赞12评430人莫干山团建，吃好玩好住好，需要花多少钱？ #莫干山团建 #莫干山团建方案 #江浙沪团建 #莫干山团建策划 #杭州团建 还想看多少人的团建策划方案，打在评论区团建策划师-嘻嘻20251216.mp4"
"2026-07-03 20:23:49","recycled","480","474","0.383","crop_split|output_horizontal|small_frame","D:\Download\素材下载\团建视频\莫干山智能镜头分类\04_餐饮美食\061_莫干山_餐饮美食_裁剪分割__CV005_S022.mp4","","D:\Download\素材下载\团建视频\莫干山-原视频素材\赞12评430人莫干山团建，吃好玩好住好，需要花多少钱？ #莫干山团建 #莫干山团建方案 #江浙沪团建 #莫干山团建策划 #杭州团建 还想看多少人的团建策划方案，打在评论区团建策划师-嘻嘻20251216.mp4"
"2026-07-03 20:23:49","recycled","480","474","0.811","crop_split|output_horizontal|small_frame","D:\Download\素材下载\团建视频\莫干山智能镜头分类\04_餐饮美食\062_莫干山_餐饮美食_裁剪分割__CV005_S023.mp4","","D:\Download\素材下载\团建视频\莫干山-原视频素材\赞12评430人莫干山团建，吃好玩好住好，需要花多少钱？ #莫干山团建 #莫干山团建方案 #江浙沪团建 #莫干山团建策划 #杭州团建 还想看多少人的团建策划方案，打在评论区团建策划师-嘻嘻20251216.mp4"
"2026-07-03 20:23:49","recycled","480","474","0.048","crop_split|output_horizontal|small_frame","D:\Download\素材下载\团建视频\莫干山智能镜头分类\04_餐饮美食\063_莫干山_餐饮美食_裁剪分割__CV005_S024.mp4","","D:\Download\素材下载\团建视频\莫干山-原视频素材\赞12评430人莫干山团建，吃好玩好住好，需要花多少钱？ #莫干山团建 #莫干山团建方案 #江浙沪团建 #莫干山团建策划 #杭州团建 还想看多少人的团建策划方案，打在评论区团建策划师-嘻嘻20251216.mp4"
"2026-07-03 20:23:49","recycled","480","474","0.122","crop_split|output_horizontal|small_frame","D:\Download\素材下载\团建视频\莫干山智能镜头分类\04_餐饮美食\064_莫干山_餐饮美食_裁剪分割__CV005_S025.mp4","","D:\Download\素材下载\团建视频\莫干山-原视频素材\赞12评430人莫干山团建，吃好玩好住好，需要花多少钱？ #莫干山团建 #莫干山团建方案 #江浙沪团建 #莫干山团建策划 #杭州团建 还想看多少人的团建策划方案，打在评论区团建策划师-嘻嘻20251216.mp4"
"2026-07-03 20:23:49","recycled","480","474","0.284","crop_split|output_horizontal|small_frame","D:\Download\素材下载\团建视频\莫干山智能镜头分类\04_餐饮美食\065_莫干山_餐饮美食_裁剪分割__CV005_S026.mp4","","D:\Download\素材下载\团建视频\莫干山-原视频素材\赞12评430人莫干山团建，吃好玩好住好，需要花多少钱？ #莫干山团建 #莫干山团建方案 #江浙沪团建 #莫干山团建策划 #杭州团建 还想看多少人的团建策划方案，打在评论区团建策划师-嘻嘻20251216.mp4"
"2026-07-03 20:23:49","recycled","480","474","0.243","crop_split|output_horizontal|small_frame","D:\Download\素材下载\团建视频\莫干山智能镜头分类\04_餐饮美食\066_莫干山_餐饮美食_裁剪分割__CV005_S027.mp4","","D:\Download\素材下载\团建视频\莫干山-原视频素材\赞12评430人莫干山团建，吃好玩好住好，需要花多少钱？ #莫干山团建 #莫干山团建方案 #江浙沪团建 #莫干山团建策划 #杭州团建 还想看多少人的团建策划方案，打在评论区团建策划师-嘻嘻20251216.mp4"
"2026-07-03 20:23:49","recycled","480","474","0.673","crop_split|output_horizontal|small_frame","D:\Download\素材下载\团建视频\莫干山智能镜头分类\04_餐饮美食\067_莫干山_餐饮美食_裁剪分割__CV005_S028.mp4","","D:\Download\素材下载\团建视频\莫干山-原视频素材\赞12评430人莫干山团建，吃好玩好住好，需要花多少钱？ #莫干山团建 #莫干山团建方案 #江浙沪团建 #莫干山团建策划 #杭州团建 还想看多少人的团建策划方案，打在评论区团建策划师-嘻嘻20251216.mp4"
"2026-07-03 20:23:49","recycled","480","474","0.163","crop_split|output_horizontal|small_frame","D:\Download\素材下载\团建视频\莫干山智能镜头分类\04_餐饮美食\068_莫干山_餐饮美食_裁剪分割__CV005_S029.mp4","","D:\Download\素材下载\团建视频\莫干山-原视频素材\赞12评430人莫干山团建，吃好玩好住好，需要花多少钱？ #莫干山团建 #莫干山团建方案 #江浙沪团建 #莫干山团建策划 #杭州团建 还想看多少人的团建策划方案，打在评论区团建策划师-嘻嘻20251216.mp4"
"2026-07-03 20:23:49","recycled","480","474","0.076","crop_split|output_horizontal|small_frame","D:\Download\素材下载\团建视频\莫干山智能镜头分类\04_餐饮美食\069_莫干山_餐饮美食_裁剪分割__CV005_S030.mp4","","D:\Download\素材下载\团建视频\莫干山-原视频素材\赞12评430人莫干山团建，吃好玩好住好，需要花多少钱？ #莫干山团建 #莫干山团建方案 #江浙沪团建 #莫干山团建策划 #杭州团建 还想看多少人的团建策划方案，打在评论区团建策划师-嘻嘻20251216.mp4"
"2026-07-03 20:23:49","recycled","480","474","0.12","crop_split|output_horizontal|small_frame","D:\Download\素材下载\团建视频\莫干山智能镜头分类\04_餐饮美食\070_莫干山_餐饮美食_裁剪分割__CV005_S031.mp4","","D:\Download\素材下载\团建视频\莫干山-原视频素材\赞12评430人莫干山团建，吃好玩好住好，需要花多少钱？ #莫干山团建 #莫干山团建方案 #江浙沪团建 #莫干山团建策划 #杭州团建 还想看多少人的团建策划方案，打在评论区团建策划师-嘻嘻20251216.mp4"
"2026-07-03 20:23:49","recycled","480","474","0.105","crop_split|output_horizontal|small_frame","D:\Download\素材下载\团建视频\莫干山智能镜头分类\04_餐饮美食\071_莫干山_餐饮美食_裁剪分割__CV005_S032.mp4","","D:\Download\素材下载\团建视频\莫干山-原视频素材\赞12评430人莫干山团建，吃好玩好住好，需要花多少钱？ #莫干山团建 #莫干山团建方案 #江浙沪团建 #莫干山团建策划 #杭州团建 还想看多少人的团建策划方案，打在评论区团建策划师-嘻嘻20251216.mp4"
"2026-07-03 20:23:49","recycled","480","474","0.204","crop_split|output_horizontal|small_frame","D:\Download\素材下载\团建视频\莫干山智能镜头分类\04_餐饮美食\072_莫干山_餐饮美食_裁剪分割__CV005_S033.mp4","","D:\Download\素材下载\团建视频\莫干山-原视频素材\赞12评430人莫干山团建，吃好玩好住好，需要花多少钱？ #莫干山团建 #莫干山团建方案 #江浙沪团建 #莫干山团建策划 #杭州团建 还想看多少人的团建策划方案，打在评论区团建策划师-嘻嘻20251216.mp4"
"2026-07-03 20:23:49","recycled","480","474","0.107","crop_split|output_horizontal|small_frame","D:\Download\素材下载\团建视频\莫干山智能镜头分类\04_餐饮美食\073_莫干山_餐饮美食_裁剪分割__CV005_S034.mp4","","D:\Download\素材下载\团建视频\莫干山-原视频素材\赞12评430人莫干山团建，吃好玩好住好，需要花多少钱？ #莫干山团建 #莫干山团建方案 #江浙沪团建 #莫干山团建策划 #杭州团建 还想看多少人的团建策划方案，打在评论区团建策划师-嘻嘻20251216.mp4"
"2026-07-03 20:23:49","recycled","480","474","1.259","crop_split|output_horizontal|small_frame","D:\Download\素材下载\团建视频\莫干山智能镜头分类\04_餐饮美食\074_莫干山_餐饮美食_裁剪分割__CV005_S035.mp4","","D:\Download\素材下载\团建视频\莫干山-原视频素材\赞12评430人莫干山团建，吃好玩好住好，需要花多少钱？ #莫干山团建 #莫干山团建方案 #江浙沪团建 #莫干山团建策划 #杭州团建 还想看多少人的团建策划方案，打在评论区团建策划师-嘻嘻20251216.mp4"
"2026-07-03 20:23:50","recycled","720","490","0.111","crop_split|output_horizontal|small_frame","D:\Download\素材下载\团建视频\莫干山智能镜头分类\06_团队互动\160_莫干山_团队互动_裁剪分割__CV012_S001.mp4","","D:\Download\素材下载\团建视频\莫干山-原视频素材\赞1评0莫干山团建 #周末去哪玩 #拓展团建活动 #莫干山旅游攻略 #公司团建 #vlog旅游定制团建策划师-凯波20260624.mp4"
"2026-07-03 20:23:50","recycled","720","490","0.066","crop_split|output_horizontal|small_frame","D:\Download\素材下载\团建视频\莫干山智能镜头分类\06_团队互动\161_莫干山_团队互动_裁剪分割__CV012_S002.mp4","","D:\Download\素材下载\团建视频\莫干山-原视频素材\赞1评0莫干山团建 #周末去哪玩 #拓展团建活动 #莫干山旅游攻略 #公司团建 #vlog旅游定制团建策划师-凯波20260624.mp4"
"2026-07-03 20:23:50","recycled","720","490","0.201","crop_split|output_horizontal|small_frame","D:\Download\素材下载\团建视频\莫干山智能镜头分类\06_团队互动\162_莫干山_团队互动_裁剪分割__CV012_S003.mp4","","D:\Download\素材下载\团建视频\莫干山-原视频素材\赞1评0莫干山团建 #周末去哪玩 #拓展团建活动 #莫干山旅游攻略 #公司团建 #vlog旅游定制团建策划师-凯波20260624.mp4"
"2026-07-03 20:23:50","recycled","720","490","0.204","crop_split|output_horizontal|small_frame","D:\Download\素材下载\团建视频\莫干山智能镜头分类\06_团队互动\163_莫干山_团队互动_裁剪分割__CV012_S004.mp4","","D:\Download\素材下载\团建视频\莫干山-原视频素材\赞1评0莫干山团建 #周末去哪玩 #拓展团建活动 #莫干山旅游攻略 #公司团建 #vlog旅游定制团建策划师-凯波20260624.mp4"
"2026-07-03 20:23:50","recycled","720","490","0.33","crop_split|output_horizontal|small_frame","D:\Download\素材下载\团建视频\莫干山智能镜头分类\06_团队互动\164_莫干山_团队互动_裁剪分割__CV012_S005.mp4","","D:\Download\素材下载\团建视频\莫干山-原视频素材\赞1评0莫干山团建 #周末去哪玩 #拓展团建活动 #莫干山旅游攻略 #公司团建 #vlog旅游定制团建策划师-凯波20260624.mp4"
"2026-07-03 20:23:50","recycled","720","490","1.019","crop_split|output_horizontal|small_frame","D:\Download\素材下载\团建视频\莫干山智能镜头分类\06_团队互动\165_莫干山_团队互动_裁剪分割__CV012_S006.mp4","","D:\Download\素材下载\团建视频\莫干山-原视频素材\赞1评0莫干山团建 #周末去哪玩 #拓展团建活动 #莫干山旅游攻略 #公司团建 #vlog旅游定制团建策划师-凯波20260624.mp4"
"2026-07-03 20:23:50","recycled","720","490","0.214","crop_split|output_horizontal|small_frame","D:\Download\素材下载\团建视频\莫干山智能镜头分类\06_团队互动\166_莫干山_团队互动_裁剪分割__CV012_S007.mp4","","D:\Download\素材下载\团建视频\莫干山-原视频素材\赞1评0莫干山团建 #周末去哪玩 #拓展团建活动 #莫干山旅游攻略 #公司团建 #vlog旅游定制团建策划师-凯波20260624.mp4"
"2026-07-03 20:23:50","recycled","720","490","1.057","crop_split|output_horizontal|small_frame","D:\Download\素材下载\团建视频\莫干山智能镜头分类\06_团队互动\167_莫干山_团队互动_裁剪分割__CV012_S008.mp4","","D:\Download\素材下载\团建视频\莫干山-原视频素材\赞1评0莫干山团建 #周末去哪玩 #拓展团建活动 #莫干山旅游攻略 #公司团建 #vlog旅游定制团建策划师-凯波20260624.mp4"
"2026-07-03 20:23:50","recycled","720","490","2.62","crop_split|output_horizontal|small_frame","D:\Download\素材下载\团建视频\莫干山智能镜头分类\06_团队互动\168_莫干山_团队互动_裁剪分割__CV012_S009.mp4","","D:\Download\素材下载\团建视频\莫干山-原视频素材\赞1评0莫干山团建 #周末去哪玩 #拓展团建活动 #莫干山旅游攻略 #公司团建 #vlog旅游定制团建策划师-凯波20260624.mp4"
"2026-07-03 20:23:50","recycled","720","490","0.325","crop_split|output_horizontal|small_frame","D:\Download\素材下载\团建视频\莫干山智能镜头分类\06_团队互动\169_莫干山_团队互动_裁剪分割__CV012_S010.mp4","","D:\Download\素材下载\团建视频\莫干山-原视频素材\赞1评0莫干山团建 #周末去哪玩 #拓展团建活动 #莫干山旅游攻略 #公司团建 #vlog旅游定制团建策划师-凯波20260624.mp4"
"2026-07-03 20:23:50","recycled","720","490","0.095","crop_split|output_horizontal|small_frame","D:\Download\素材下载\团建视频\莫干山智能镜头分类\06_团队互动\170_莫干山_团队互动_裁剪分割__CV012_S011.mp4","","D:\Download\素材下载\团建视频\莫干山-原视频素材\赞1评0莫干山团建 #周末去哪玩 #拓展团建活动 #莫干山旅游攻略 #公司团建 #vlog旅游定制团建策划师-凯波20260624.mp4"
"2026-07-03 20:23:50","recycled","720","490","0.208","crop_split|output_horizontal|small_frame","D:\Download\素材下载\团建视频\莫干山智能镜头分类\06_团队互动\171_莫干山_团队互动_裁剪分割__CV012_S012.mp4","","D:\Download\素材下载\团建视频\莫干山-原视频素材\赞1评0莫干山团建 #周末去哪玩 #拓展团建活动 #莫干山旅游攻略 #公司团建 #vlog旅游定制团建策划师-凯波20260624.mp4"
"2026-07-03 20:23:50","recycled","720","490","0.217","crop_split|output_horizontal|small_frame","D:\Download\素材下载\团建视频\莫干山智能镜头分类\06_团队互动\172_莫干山_团队互动_裁剪分割__CV012_S013.mp4","","D:\Download\素材下载\团建视频\莫干山-原视频素材\赞1评0莫干山团建 #周末去哪玩 #拓展团建活动 #莫干山旅游攻略 #公司团建 #vlog旅游定制团建策划师-凯波20260624.mp4"
"2026-07-03 20:23:50","recycled","720","490","0.239","crop_split|output_horizontal|small_frame","D:\Download\素材下载\团建视频\莫干山智能镜头分类\06_团队互动\173_莫干山_团队互动_裁剪分割__CV012_S014.mp4","","D:\Download\素材下载\团建视频\莫干山-原视频素材\赞1评0莫干山团建 #周末去哪玩 #拓展团建活动 #莫干山旅游攻略 #公司团建 #vlog旅游定制团建策划师-凯波20260624.mp4"
"2026-07-03 20:23:50","recycled","720","490","0.608","crop_split|output_horizontal|small_frame","D:\Download\素材下载\团建视频\莫干山智能镜头分类\06_团队互动\174_莫干山_团队互动_裁剪分割__CV012_S015.mp4","","D:\Download\素材下载\团建视频\莫干山-原视频素材\赞1评0莫干山团建 #周末去哪玩 #拓展团建活动 #莫干山旅游攻略 #公司团建 #vlog旅游定制团建策划师-凯波20260624.mp4"
"2026-07-03 20:23:50","recycled","720","490","0.466","crop_split|output_horizontal|small_frame","D:\Download\素材下载\团建视频\莫干山智能镜头分类\06_团队互动\175_莫干山_团队互动_裁剪分割__CV012_S016.mp4","","D:\Download\素材下载\团建视频\莫干山-原视频素材\赞1评0莫干山团建 #周末去哪玩 #拓展团建活动 #莫干山旅游攻略 #公司团建 #vlog旅游定制团建策划师-凯波20260624.mp4"
"2026-07-03 20:23:50","recycled","720","490","0.446","crop_split|output_horizontal|small_frame","D:\Download\素材下载\团建视频\莫干山智能镜头分类\06_团队互动\176_莫干山_团队互动_裁剪分割__CV012_S017.mp4","","D:\Download\素材下载\团建视频\莫干山-原视频素材\赞1评0莫干山团建 #周末去哪玩 #拓展团建活动 #莫干山旅游攻略 #公司团建 #vlog旅游定制团建策划师-凯波20260624.mp4"
"2026-07-03 20:23:50","recycled","720","490","0.994","crop_split|output_horizontal|small_frame","D:\Download\素材下载\团建视频\莫干山智能镜头分类\06_团队互动\177_莫干山_团队互动_裁剪分割__CV012_S018.mp4","","D:\Download\素材下载\团建视频\莫干山-原视频素材\赞1评0莫干山团建 #周末去哪玩 #拓展团建活动 #莫干山旅游攻略 #公司团建 #vlog旅游定制团建策划师-凯波20260624.mp4"
"2026-07-03 20:23:50","recycled","720","490","0.906","crop_split|output_horizontal|small_frame","D:\Download\素材下载\团建视频\莫干山智能镜头分类\06_团队互动\178_莫干山_团队互动_裁剪分割__CV012_S019.mp4","","D:\Download\素材下载\团建视频\莫干山-原视频素材\赞1评0莫干山团建 #周末去哪玩 #拓展团建活动 #莫干山旅游攻略 #公司团建 #vlog旅游定制团建策划师-凯波20260624.mp4"
"2026-07-03 20:23:50","recycled","720","490","0.157","crop_split|output_horizontal|small_frame","D:\Download\素材下载\团建视频\莫干山智能镜头分类\06_团队互动\179_莫干山_团队互动_裁剪分割__CV012_S020.mp4","","D:\Download\素材下载\团建视频\莫干山-原视频素材\赞1评0莫干山团建 #周末去哪玩 #拓展团建活动 #莫干山旅游攻略 #公司团建 #vlog旅游定制团建策划师-凯波20260624.mp4"
"2026-07-03 20:23:50","recycled","720","490","0.116","crop_split|output_horizontal|small_frame","D:\Download\素材下载\团建视频\莫干山智能镜头分类\06_团队互动\180_莫干山_团队互动_裁剪分割__CV012_S021.mp4","","D:\Download\素材下载\团建视频\莫干山-原视频素材\赞1评0莫干山团建 #周末去哪玩 #拓展团建活动 #莫干山旅游攻略 #公司团建 #vlog旅游定制团建策划师-凯波20260624.mp4"
"2026-07-03 20:23:50","recycled","720","490","0.18","crop_split|output_horizontal|small_frame","D:\Download\素材下载\团建视频\莫干山智能镜头分类\06_团队互动\181_莫干山_团队互动_裁剪分割__CV012_S022.mp4","","D:\Download\素材下载\团建视频\莫干山-原视频素材\赞1评0莫干山团建 #周末去哪玩 #拓展团建活动 #莫干山旅游攻略 #公司团建 #vlog旅游定制团建策划师-凯波20260624.mp4"
"2026-07-03 20:23:50","recycled","720","490","0.113","crop_split|output_horizontal|small_frame","D:\Download\素材下载\团建视频\莫干山智能镜头分类\06_团队互动\182_莫干山_团队互动_裁剪分割__CV012_S023.mp4","","D:\Download\素材下载\团建视频\莫干山-原视频素材\赞1评0莫干山团建 #周末去哪玩 #拓展团建活动 #莫干山旅游攻略 #公司团建 #vlog旅游定制团建策划师-凯波20260624.mp4"
"2026-07-03 20:23:50","recycled","720","490","0.329","crop_split|output_horizontal|small_frame","D:\Download\素材下载\团建视频\莫干山智能镜头分类\06_团队互动\183_莫干山_团队互动_裁剪分割__CV012_S024.mp4","","D:\Download\素材下载\团建视频\莫干山-原视频素材\赞1评0莫干山团建 #周末去哪玩 #拓展团建活动 #莫干山旅游攻略 #公司团建 #vlog旅游定制团建策划师-凯波20260624.mp4"
"2026-07-03 20:23:50","recycled","720","490","0.217","crop_split|output_horizontal|small_frame","D:\Download\素材下载\团建视频\莫干山智能镜头分类\06_团队互动\184_莫干山_团队互动_裁剪分割__CV012_S025.mp4","","D:\Download\素材下载\团建视频\莫干山-原视频素材\赞1评0莫干山团建 #周末去哪玩 #拓展团建活动 #莫干山旅游攻略 #公司团建 #vlog旅游定制团建策划师-凯波20260624.mp4"
"2026-07-03 20:23:50","recycled","720","490","0.505","crop_split|output_horizontal|small_frame","D:\Download\素材下载\团建视频\莫干山智能镜头分类\06_团队互动\185_莫干山_团队互动_裁剪分割__CV012_S026.mp4","","D:\Download\素材下载\团建视频\莫干山-原视频素材\赞1评0莫干山团建 #周末去哪玩 #拓展团建活动 #莫干山旅游攻略 #公司团建 #vlog旅游定制团建策划师-凯波20260624.mp4"
"2026-07-03 20:23:50","recycled","720","490","2.24","crop_split|output_horizontal|small_frame","D:\Download\素材下载\团建视频\莫干山智能镜头分类\06_团队互动\186_莫干山_团队互动_裁剪分割__CV012_S027.mp4","","D:\Download\素材下载\团建视频\莫干山-原视频素材\赞1评0莫干山团建 #周末去哪玩 #拓展团建活动 #莫干山旅游攻略 #公司团建 #vlog旅游定制团建策划师-凯波20260624.mp4"
"2026-07-03 20:23:50","recycled","720","490","0.188","crop_split|output_horizontal|small_frame","D:\Download\素材下载\团建视频\莫干山智能镜头分类\06_团队互动\187_莫干山_团队互动_裁剪分割__CV012_S028.mp4","","D:\Download\素材下载\团建视频\莫干山-原视频素材\赞1评0莫干山团建 #周末去哪玩 #拓展团建活动 #莫干山旅游攻略 #公司团建 #vlog旅游定制团建策划师-凯波20260624.mp4"
"2026-07-03 20:23:51","recycled","720","490","0.159","crop_split|output_horizontal|small_frame","D:\Download\素材下载\团建视频\莫干山智能镜头分类\06_团队互动\188_莫干山_团队互动_裁剪分割__CV012_S029.mp4","","D:\Download\素材下载\团建视频\莫干山-原视频素材\赞1评0莫干山团建 #周末去哪玩 #拓展团建活动 #莫干山旅游攻略 #公司团建 #vlog旅游定制团建策划师-凯波20260624.mp4"
"2026-07-03 20:23:51","recycled","720","490","0.324","crop_split|output_horizontal|small_frame","D:\Download\素材下载\团建视频\莫干山智能镜头分类\06_团队互动\189_莫干山_团队互动_裁剪分割__CV012_S030.mp4","","D:\Download\素材下载\团建视频\莫干山-原视频素材\赞1评0莫干山团建 #周末去哪玩 #拓展团建活动 #莫干山旅游攻略 #公司团建 #vlog旅游定制团建策划师-凯波20260624.mp4"
"2026-07-03 20:23:51","recycled","720","490","0.615","crop_split|output_horizontal|small_frame","D:\Download\素材下载\团建视频\莫干山智能镜头分类\06_团队互动\190_莫干山_团队互动_裁剪分割__CV012_S031.mp4","","D:\Download\素材下载\团建视频\莫干山-原视频素材\赞1评0莫干山团建 #周末去哪玩 #拓展团建活动 #莫干山旅游攻略 #公司团建 #vlog旅游定制团建策划师-凯波20260624.mp4"
"2026-07-03 20:23:51","recycled","720","490","0.247","crop_split|output_horizontal|small_frame","D:\Download\素材下载\团建视频\莫干山智能镜头分类\06_团队互动\191_莫干山_团队互动_裁剪分割__CV012_S032.mp4","","D:\Download\素材下载\团建视频\莫干山-原视频素材\赞1评0莫干山团建 #周末去哪玩 #拓展团建活动 #莫干山旅游攻略 #公司团建 #vlog旅游定制团建策划师-凯波20260624.mp4"
"2026-07-03 20:23:51","recycled","720","490","0.465","crop_split|output_horizontal|small_frame","D:\Download\素材下载\团建视频\莫干山智能镜头分类\06_团队互动\192_莫干山_团队互动_裁剪分割__CV012_S033.mp4","","D:\Download\素材下载\团建视频\莫干山-原视频素材\赞1评0莫干山团建 #周末去哪玩 #拓展团建活动 #莫干山旅游攻略 #公司团建 #vlog旅游定制团建策划师-凯波20260624.mp4"
"2026-07-03 20:23:51","recycled","720","490","0.334","crop_split|output_horizontal|small_frame","D:\Download\素材下载\团建视频\莫干山智能镜头分类\06_团队互动\193_莫干山_团队互动_裁剪分割__CV012_S034.mp4","","D:\Download\素材下载\团建视频\莫干山-原视频素材\赞1评0莫干山团建 #周末去哪玩 #拓展团建活动 #莫干山旅游攻略 #公司团建 #vlog旅游定制团建策划师-凯波20260624.mp4"
"2026-07-03 20:23:51","recycled","720","490","0.354","crop_split|output_horizontal|small_frame","D:\Download\素材下载\团建视频\莫干山智能镜头分类\06_团队互动\194_莫干山_团队互动_裁剪分割__CV012_S035.mp4","","D:\Download\素材下载\团建视频\莫干山-原视频素材\赞1评0莫干山团建 #周末去哪玩 #拓展团建活动 #莫干山旅游攻略 #公司团建 #vlog旅游定制团建策划师-凯波20260624.mp4"
"2026-07-03 20:23:51","recycled","720","708","0.314","crop_split|output_horizontal","D:\Download\素材下载\团建视频\莫干山智能镜头分类\06_团队互动\195_莫干山_团队互动_裁剪分割__CV013_S001.mp4","","D:\Download\素材下载\团建视频\莫干山-原视频素材\赞1评2人均400➕💰莫干山两日团建策划案🔥杭州团建杭州周边春季团建不知道去哪里❓湖州的莫干山可以考虑一下⛰这份莫干山团建策划案快收好包含乐园游玩、项目体验、景区打卡两日团建人均仅需400➕💰，性价比直接拉满👉各杭州大厂都在办的团建，快来Get同款！#公司团建 #杭州周边游 #周末去哪儿 #户外拓展团建 #好玩的团建攻略 #团建冲不冲集美团建20240416.mp4"
"2026-07-03 20:23:51","recycled","720","708","0.437","crop_split|output_horizontal","D:\Download\素材下载\团建视频\莫干山智能镜头分类\06_团队互动\196_莫干山_团队互动_裁剪分割__CV013_S002.mp4","","D:\Download\素材下载\团建视频\莫干山-原视频素材\赞1评2人均400➕💰莫干山两日团建策划案🔥杭州团建杭州周边春季团建不知道去哪里❓湖州的莫干山可以考虑一下⛰这份莫干山团建策划案快收好包含乐园游玩、项目体验、景区打卡两日团建人均仅需400➕💰，性价比直接拉满👉各杭州大厂都在办的团建，快来Get同款！#公司团建 #杭州周边游 #周末去哪儿 #户外拓展团建 #好玩的团建攻略 #团建冲不冲集美团建20240416.mp4"
