name,output,confidence,reason,check_frame
001_千岛湖_千岛湖风景__S_V003_S006.mp4,D:\Download\素材下载\团建视频\千岛湖智能镜头分类\01_环境空镜\千岛湖风景\裁切废料\001_千岛湖_千岛湖风景__S_V003_S006__裁切废料.mp4,0.58,裁剪完成，已输出新素材；原分镜未覆盖；保留区域 y=0.0% h=80.5%（含黑边检测）,C:\Users\z\AppData\Local\Temp\scene_title_check_5rhmyk87\0003.jpg
002_千岛湖_千岛湖风景__S_V003_S028.mp4,D:\Download\素材下载\团建视频\千岛湖智能镜头分类\01_环境空镜\千岛湖风景\裁切废料\002_千岛湖_千岛湖风景__S_V003_S028__裁切废料.mp4,0.9,裁剪完成，已输出新素材；原分镜未覆盖；保留区域 y=0.0% h=79.2%（含黑边检测）,C:\Users\z\AppData\Local\Temp\scene_title_check_5rhmyk87\0004.jpg
005_千岛湖_千岛湖风景__S_V003_S032.mp4,D:\Download\素材下载\团建视频\千岛湖智能镜头分类\01_环境空镜\千岛湖风景\裁切废料\005_千岛湖_千岛湖风景__S_V003_S032__裁切废料.mp4,0.9,裁剪完成，已输出新素材；原分镜未覆盖；保留区域 y=0.0% h=80.3%（含黑边检测）,C:\Users\z\AppData\Local\Temp\scene_title_check_5rhmyk87\0006.jpg
071_千岛湖_住宿空间_裁剪分割__CV016_S009.mp4,D:\Download\素材下载\团建视频\千岛湖智能镜头分类\03_住宿空间\裁切废料\071_千岛湖_住宿空间_裁剪分割__CV016_S009__裁切废料.mp4,0.86,裁剪完成，已输出新素材；原分镜未覆盖；保留区域 y=17.9% h=56.7%（含黑边检测）,C:\Users\z\AppData\Local\Temp\scene_title_check_5rhmyk87\0009.jpg
072_千岛湖_住宿空间_裁剪分割__CV016_S010.mp4,D:\Download\素材下载\团建视频\千岛湖智能镜头分类\03_住宿空间\裁切废料\072_千岛湖_住宿空间_裁剪分割__CV016_S010__裁切废料.mp4,0.95,裁剪完成，已输出新素材；原分镜未覆盖；保留区域 y=17.9% h=56.7%（含黑边检测）,C:\Users\z\AppData\Local\Temp\scene_title_check_5rhmyk87\0010.jpg
073_千岛湖_住宿空间_裁剪分割__CV016_S011.mp4,D:\Download\素材下载\团建视频\千岛湖智能镜头分类\03_住宿空间\裁切废料\073_千岛湖_住宿空间_裁剪分割__CV016_S011__裁切废料.mp4,0.95,裁剪完成，已输出新素材；原分镜未覆盖；保留区域 y=4.6% h=70.1%（含黑边检测）,C:\Users\z\AppData\Local\Temp\scene_title_check_5rhmyk87\0011.jpg
074_千岛湖_住宿空间_裁剪分割__CV016_S012.mp4,D:\Download\素材下载\团建视频\千岛湖智能镜头分类\03_住宿空间\裁切废料\074_千岛湖_住宿空间_裁剪分割__CV016_S012__裁切废料.mp4,0.95,裁剪完成，已输出新素材；原分镜未覆盖；保留区域 y=12.5% h=62.1%（含黑边检测）,C:\Users\z\AppData\Local\Temp\scene_title_check_5rhmyk87\0012.jpg
075_千岛湖_住宿空间_裁剪分割__CV016_S013.mp4,D:\Download\素材下载\团建视频\千岛湖智能镜头分类\03_住宿空间\裁切废料\075_千岛湖_住宿空间_裁剪分割__CV016_S013__裁切废料.mp4,0.7,裁剪完成，已输出新素材；原分镜未覆盖；保留区域 y=5.3% h=69.4%（含黑边检测）,C:\Users\z\AppData\Local\Temp\scene_title_check_5rhmyk87\0013.jpg
078_千岛湖_住宿空间_裁剪分割__CV016_S016.mp4,D:\Download\素材下载\团建视频\千岛湖智能镜头分类\03_住宿空间\裁切废料\078_千岛湖_住宿空间_裁剪分割__CV016_S016__裁切废料.mp4,0.58,裁剪完成，已输出新素材；原分镜未覆盖；保留区域 y=0.0% h=74.6%（含黑边检测）,C:\Users\z\AppData\Local\Temp\scene_title_check_5rhmyk87\0016.jpg
080_千岛湖_住宿空间_裁剪分割__CV016_S018.mp4,D:\Download\素材下载\团建视频\千岛湖智能镜头分类\03_住宿空间\裁切废料\080_千岛湖_住宿空间_裁剪分割__CV016_S018__裁切废料.mp4,0.86,裁剪完成，已输出新素材；原分镜未覆盖；保留区域 y=7.9% h=64.4%（含黑边检测）,C:\Users\z\AppData\Local\Temp\scene_title_check_5rhmyk87\0018.jpg
080_千岛湖_住宿空间_裁剪分割__CV016_S018__深度修复.mp4,D:\Download\素材下载\团建视频\千岛湖智能镜头分类\03_住宿空间\裁切废料\080_千岛湖_住宿空间_裁剪分割__CV016_S018__深度修复__裁切废料.mp4,0.86,裁剪完成，已输出新素材；原分镜未覆盖；保留区域 y=8.1% h=64.4%（含黑边检测）,C:\Users\z\AppData\Local\Temp\scene_title_check_5rhmyk87\0019.jpg
082_千岛湖_住宿空间_裁剪分割__CV016_S020.mp4,D:\Download\素材下载\团建视频\千岛湖智能镜头分类\03_住宿空间\裁切废料\082_千岛湖_住宿空间_裁剪分割__CV016_S020__裁切废料.mp4,0.86,裁剪完成，已输出新素材；原分镜未覆盖；保留区域 y=8.6% h=66.7%（含黑边检测）,C:\Users\z\AppData\Local\Temp\scene_title_check_5rhmyk87\0021.jpg
083_千岛湖_住宿空间_裁剪分割__CV016_S021.mp4,D:\Download\素材下载\团建视频\千岛湖智能镜头分类\03_住宿空间\裁切废料\083_千岛湖_住宿空间_裁剪分割__CV016_S021__裁切废料.mp4,0.95,裁剪完成，已输出新素材；原分镜未覆盖；保留区域 y=17.9% h=56.7%（含黑边检测）,C:\Users\z\AppData\Local\Temp\scene_title_check_5rhmyk87\0022.jpg
085_千岛湖_住宿空间_裁剪分割__CV016_S023.mp4,D:\Download\素材下载\团建视频\千岛湖智能镜头分类\03_住宿空间\裁切废料\085_千岛湖_住宿空间_裁剪分割__CV016_S023__裁切废料.mp4,0.7,裁剪完成，已输出新素材；原分镜未覆盖；保留区域 y=3.3% h=68.2%（含黑边检测）,C:\Users\z\AppData\Local\Temp\scene_title_check_5rhmyk87\0024.jpg
086_千岛湖_住宿空间_裁剪分割__CV016_S024.mp4,D:\Download\素材下载\团建视频\千岛湖智能镜头分类\03_住宿空间\裁切废料\086_千岛湖_住宿空间_裁剪分割__CV016_S024__裁切废料.mp4,0.7,裁剪完成，已输出新素材；原分镜未覆盖；保留区域 y=6.2% h=65.3%（含黑边检测）,C:\Users\z\AppData\Local\Temp\scene_title_check_5rhmyk87\0025.jpg
087_千岛湖_住宿空间_裁剪分割__CV016_S025.mp4,D:\Download\素材下载\团建视频\千岛湖智能镜头分类\03_住宿空间\裁切废料\087_千岛湖_住宿空间_裁剪分割__CV016_S025__裁切废料.mp4,0.7,裁剪完成，已输出新素材；原分镜未覆盖；保留区域 y=4.9% h=69.8%（含黑边检测）,C:\Users\z\AppData\Local\Temp\scene_title_check_5rhmyk87\0026.jpg
088_千岛湖_住宿空间_裁剪分割__CV016_S026.mp4,D:\Download\素材下载\团建视频\千岛湖智能镜头分类\03_住宿空间\裁切废料\088_千岛湖_住宿空间_裁剪分割__CV016_S026__裁切废料.mp4,0.95,裁剪完成，已输出新素材；原分镜未覆盖；保留区域 y=5.4% h=69.7%（含黑边检测）,C:\Users\z\AppData\Local\Temp\scene_title_check_5rhmyk87\0027.jpg
089_千岛湖_住宿空间_裁剪分割__CV016_S027.mp4,D:\Download\素材下载\团建视频\千岛湖智能镜头分类\03_住宿空间\裁切废料\089_千岛湖_住宿空间_裁剪分割__CV016_S027__裁切废料.mp4,0.9,裁剪完成，已输出新素材；原分镜未覆盖；保留区域 y=0.0% h=74.6%（含黑边检测）,C:\Users\z\AppData\Local\Temp\scene_title_check_5rhmyk87\0028.jpg
090_千岛湖_住宿空间_裁剪分割__CV016_S028.mp4,D:\Download\素材下载\团建视频\千岛湖智能镜头分类\03_住宿空间\裁切废料\090_千岛湖_住宿空间_裁剪分割__CV016_S028__裁切废料.mp4,0.9,裁剪完成，已输出新素材；原分镜未覆盖；保留区域 y=0.0% h=73.3%（含黑边检测）,C:\Users\z\AppData\Local\Temp\scene_title_check_5rhmyk87\0029.jpg
092_千岛湖_住宿空间_裁剪分割__CV016_S030.mp4,D:\Download\素材下载\团建视频\千岛湖智能镜头分类\03_住宿空间\裁切废料\092_千岛湖_住宿空间_裁剪分割__CV016_S030__裁切废料.mp4,0.95,裁剪完成，已输出新素材；原分镜未覆盖；保留区域 y=17.9% h=56.7%（含黑边检测）,C:\Users\z\AppData\Local\Temp\scene_title_check_5rhmyk87\0031.jpg
094_千岛湖_住宿空间_裁剪分割__CV016_S032.mp4,D:\Download\素材下载\团建视频\千岛湖智能镜头分类\03_住宿空间\裁切废料\094_千岛湖_住宿空间_裁剪分割__CV016_S032__裁切废料.mp4,0.9,裁剪完成，已输出新素材；原分镜未覆盖；保留区域 y=0.0% h=74.6%（含黑边检测）,C:\Users\z\AppData\Local\Temp\scene_title_check_5rhmyk87\0033.jpg
001_千岛湖_民宿外观__S_V003_S013.mp4,D:\Download\素材下载\团建视频\千岛湖智能镜头分类\03_住宿空间\民宿外观\裁切废料\001_千岛湖_民宿外观__S_V003_S013__裁切废料.mp4,0.7,裁剪完成，已输出新素材；原分镜未覆盖；保留区域 y=10.4% h=70.0%（含黑边检测）,C:\Users\z\AppData\Local\Temp\scene_title_check_5rhmyk87\0034.jpg
002_千岛湖_民宿外观__S_V003_S014.mp4,D:\Download\素材下载\团建视频\千岛湖智能镜头分类\03_住宿空间\民宿外观\裁切废料\002_千岛湖_民宿外观__S_V003_S014__裁切废料.mp4,0.86,裁剪完成，已输出新素材；原分镜未覆盖；保留区域 y=17.9% h=62.5%（含黑边检测）,C:\Users\z\AppData\Local\Temp\scene_title_check_5rhmyk87\0035.jpg
001_千岛湖_湖景露台__S_V003_S020.mp4,D:\Download\素材下载\团建视频\千岛湖智能镜头分类\03_住宿空间\湖景露台\裁切废料\001_千岛湖_湖景露台__S_V003_S020__裁切废料.mp4,0.86,裁剪完成，已输出新素材；原分镜未覆盖；保留区域 y=17.8% h=62.5%（含黑边检测）,C:\Users\z\AppData\Local\Temp\scene_title_check_5rhmyk87\0036.jpg
001_千岛湖_酒店民宿房间__S_V003_S015.mp4,D:\Download\素材下载\团建视频\千岛湖智能镜头分类\03_住宿空间\酒店民宿房间\裁切废料\001_千岛湖_酒店民宿房间__S_V003_S015__裁切废料.mp4,0.7,裁剪完成，已输出新素材；原分镜未覆盖；保留区域 y=7.5% h=72.4%（含黑边检测）,C:\Users\z\AppData\Local\Temp\scene_title_check_5rhmyk87\0038.jpg
002_千岛湖_酒店民宿房间__S_V003_S016.mp4,D:\Download\素材下载\团建视频\千岛湖智能镜头分类\03_住宿空间\酒店民宿房间\裁切废料\002_千岛湖_酒店民宿房间__S_V003_S016__裁切废料.mp4,0.58,裁剪完成，已输出新素材；原分镜未覆盖；保留区域 y=0.0% h=80.3%（含黑边检测）,C:\Users\z\AppData\Local\Temp\scene_title_check_5rhmyk87\0039.jpg
003_千岛湖_酒店民宿房间__S_V003_S017.mp4,D:\Download\素材下载\团建视频\千岛湖智能镜头分类\03_住宿空间\酒店民宿房间\裁切废料\003_千岛湖_酒店民宿房间__S_V003_S017__裁切废料.mp4,0.74,裁剪完成，已输出新素材；原分镜未覆盖；保留区域 y=14.3% h=66.1%（含黑边检测）,C:\Users\z\AppData\Local\Temp\scene_title_check_5rhmyk87\0040.jpg
066_千岛湖_餐饮美食_裁剪分割__CV013_S008.mp4,D:\Download\素材下载\团建视频\千岛湖智能镜头分类\04_餐饮美食\裁切废料\066_千岛湖_餐饮美食_裁剪分割__CV013_S008__裁切废料.mp4,0.7,裁剪完成，已输出新素材；原分镜未覆盖；保留区域 y=13.5% h=63.8%（含黑边检测）,C:\Users\z\AppData\Local\Temp\scene_title_check_5rhmyk87\0047.jpg
001_千岛湖_千岛湖鱼宴__S_V003_S030.mp4,D:\Download\素材下载\团建视频\千岛湖智能镜头分类\04_餐饮美食\千岛湖鱼宴\裁切废料\001_千岛湖_千岛湖鱼宴__S_V003_S030__裁切废料.mp4,0.95,裁剪完成，已输出新素材；原分镜未覆盖；保留区域 y=16.8% h=63.6%（含黑边检测）,C:\Users\z\AppData\Local\Temp\scene_title_check_5rhmyk87\0050.jpg
001_千岛湖_水上乐园__S_V003_S004.mp4,D:\Download\素材下载\团建视频\千岛湖智能镜头分类\05_项目活动\水上乐园\裁切废料\001_千岛湖_水上乐园__S_V003_S004__裁切废料.mp4,0.58,裁剪完成，已输出新素材；原分镜未覆盖；保留区域 y=0.0% h=79.5%（含黑边检测）,C:\Users\z\AppData\Local\Temp\scene_title_check_5rhmyk87\0051.jpg
210_千岛湖_玩水互动_裁剪分割__CV022_S004.mp4,D:\Download\素材下载\团建视频\千岛湖智能镜头分类\05_项目活动\玩水互动\裁切废料\210_千岛湖_玩水互动_裁剪分割__CV022_S004__裁切废料.mp4,0.58,裁剪完成，已输出新素材；原分镜未覆盖；保留区域 y=0.0% h=70.8%（含黑边检测）,C:\Users\z\AppData\Local\Temp\scene_title_check_5rhmyk87\0055.jpg
211_千岛湖_玩水互动_裁剪分割__CV022_S005.mp4,D:\Download\素材下载\团建视频\千岛湖智能镜头分类\05_项目活动\玩水互动\裁切废料\211_千岛湖_玩水互动_裁剪分割__CV022_S005__裁切废料.mp4,0.58,裁剪完成，已输出新素材；原分镜未覆盖；保留区域 y=0.0% h=71.2%（含黑边检测）,C:\Users\z\AppData\Local\Temp\scene_title_check_5rhmyk87\0056.jpg
212_千岛湖_玩水互动_裁剪分割__CV022_S006.mp4,D:\Download\素材下载\团建视频\千岛湖智能镜头分类\05_项目活动\玩水互动\裁切废料\212_千岛湖_玩水互动_裁剪分割__CV022_S006__裁切废料.mp4,0.58,裁剪完成，已输出新素材；原分镜未覆盖；保留区域 y=0.0% h=66.7%（含黑边检测）,C:\Users\z\AppData\Local\Temp\scene_title_check_5rhmyk87\0057.jpg
213_千岛湖_玩水互动_裁剪分割__CV022_S007.mp4,D:\Download\素材下载\团建视频\千岛湖智能镜头分类\05_项目活动\玩水互动\裁切废料\213_千岛湖_玩水互动_裁剪分割__CV022_S007__裁切废料.mp4,0.7,裁剪完成，已输出新素材；原分镜未覆盖；保留区域 y=4.5% h=66.3%（含黑边检测）,C:\Users\z\AppData\Local\Temp\scene_title_check_5rhmyk87\0058.jpg
214_千岛湖_玩水互动_裁剪分割__CV022_S008.mp4,D:\Download\素材下载\团建视频\千岛湖智能镜头分类\05_项目活动\玩水互动\裁切废料\214_千岛湖_玩水互动_裁剪分割__CV022_S008__裁切废料.mp4,0.7,裁剪完成，已输出新素材；原分镜未覆盖；保留区域 y=6.0% h=64.8%（含黑边检测）,C:\Users\z\AppData\Local\Temp\scene_title_check_5rhmyk87\0059.jpg
217_千岛湖_玩水互动_裁剪分割__CV022_S011.mp4,D:\Download\素材下载\团建视频\千岛湖智能镜头分类\05_项目活动\玩水互动\裁切废料\217_千岛湖_玩水互动_裁剪分割__CV022_S011__裁切废料.mp4,0.82,裁剪完成，已输出新素材；原分镜未覆盖；保留区域 y=17.9% h=52.9%（含黑边检测）,C:\Users\z\AppData\Local\Temp\scene_title_check_5rhmyk87\0063.jpg
218_千岛湖_玩水互动_裁剪分割__CV022_S012.mp4,D:\Download\素材下载\团建视频\千岛湖智能镜头分类\05_项目活动\玩水互动\裁切废料\218_千岛湖_玩水互动_裁剪分割__CV022_S012__裁切废料.mp4,0.86,裁剪完成，已输出新素材；原分镜未覆盖；保留区域 y=17.9% h=53.3%（含黑边检测）,C:\Users\z\AppData\Local\Temp\scene_title_check_5rhmyk87\0064.jpg
219_千岛湖_玩水互动_裁剪分割__CV022_S013.mp4,D:\Download\素材下载\团建视频\千岛湖智能镜头分类\05_项目活动\玩水互动\裁切废料\219_千岛湖_玩水互动_裁剪分割__CV022_S013__裁切废料.mp4,0.86,裁剪完成，已输出新素材；原分镜未覆盖；保留区域 y=17.9% h=52.9%（含黑边检测）,C:\Users\z\AppData\Local\Temp\scene_title_check_5rhmyk87\0065.jpg
220_千岛湖_玩水互动_裁剪分割__CV022_S014.mp4,D:\Download\素材下载\团建视频\千岛湖智能镜头分类\05_项目活动\玩水互动\裁切废料\220_千岛湖_玩水互动_裁剪分割__CV022_S014__裁切废料.mp4,0.58,裁剪完成，已输出新素材；原分镜未覆盖；保留区域 y=0.0% h=70.8%（含黑边检测）,C:\Users\z\AppData\Local\Temp\scene_title_check_5rhmyk87\0066.jpg
226_千岛湖_玩水互动_裁剪分割__CV022_S020.mp4,D:\Download\素材下载\团建视频\千岛湖智能镜头分类\05_项目活动\玩水互动\裁切废料\226_千岛湖_玩水互动_裁剪分割__CV022_S020__裁切废料.mp4,0.7,裁剪完成，已输出新素材；原分镜未覆盖；保留区域 y=9.5% h=52.4%（含黑边检测）,C:\Users\z\AppData\Local\Temp\scene_title_check_5rhmyk87\0072.jpg
231_千岛湖_玩水互动_裁剪分割__CV022_S025.mp4,D:\Download\素材下载\团建视频\千岛湖智能镜头分类\05_项目活动\玩水互动\裁切废料\231_千岛湖_玩水互动_裁剪分割__CV022_S025__裁切废料.mp4,0.58,裁剪完成，已输出新素材；原分镜未覆盖；保留区域 y=1.9% h=69.3%（含黑边检测）,C:\Users\z\AppData\Local\Temp\scene_title_check_5rhmyk87\0077.jpg
232_千岛湖_玩水互动_裁剪分割__CV022_S026.mp4,D:\Download\素材下载\团建视频\千岛湖智能镜头分类\05_项目活动\玩水互动\裁切废料\232_千岛湖_玩水互动_裁剪分割__CV022_S026__裁切废料.mp4,0.74,裁剪完成，已输出新素材；原分镜未覆盖；保留区域 y=0.0% h=70.8%（含黑边检测）,C:\Users\z\AppData\Local\Temp\scene_title_check_5rhmyk87\0078.jpg
233_千岛湖_玩水互动_裁剪分割__CV022_S027.mp4,D:\Download\素材下载\团建视频\千岛湖智能镜头分类\05_项目活动\玩水互动\裁切废料\233_千岛湖_玩水互动_裁剪分割__CV022_S027__裁切废料.mp4,0.7,裁剪完成，已输出新素材；原分镜未覆盖；保留区域 y=13.4% h=57.2%（含黑边检测）,C:\Users\z\AppData\Local\Temp\scene_title_check_5rhmyk87\0079.jpg
237_千岛湖_玩水互动_裁剪分割__CV022_S031.mp4,D:\Download\素材下载\团建视频\千岛湖智能镜头分类\05_项目活动\玩水互动\裁切废料\237_千岛湖_玩水互动_裁剪分割__CV022_S031__裁切废料.mp4,0.86,裁剪完成，已输出新素材；原分镜未覆盖；保留区域 y=17.9% h=53.3%（含黑边检测）,C:\Users\z\AppData\Local\Temp\scene_title_check_5rhmyk87\0083.jpg
239_千岛湖_玩水互动_裁剪分割__CV022_S033.mp4,D:\Download\素材下载\团建视频\千岛湖智能镜头分类\05_项目活动\玩水互动\裁切废料\239_千岛湖_玩水互动_裁剪分割__CV022_S033__裁切废料.mp4,0.86,裁剪完成，已输出新素材；原分镜未覆盖；保留区域 y=12.9% h=57.2%（含黑边检测）,C:\Users\z\AppData\Local\Temp\scene_title_check_5rhmyk87\0085.jpg
240_千岛湖_玩水互动_裁剪分割__CV022_S034.mp4,D:\Download\素材下载\团建视频\千岛湖智能镜头分类\05_项目活动\玩水互动\裁切废料\240_千岛湖_玩水互动_裁剪分割__CV022_S034__裁切废料.mp4,0.7,裁剪完成，已输出新素材；原分镜未覆盖；保留区域 y=17.9% h=53.1%（含黑边检测）,C:\Users\z\AppData\Local\Temp\scene_title_check_5rhmyk87\0086.jpg
242_千岛湖_玩水互动_裁剪分割__CV022_S036.mp4,D:\Download\素材下载\团建视频\千岛湖智能镜头分类\05_项目活动\玩水互动\裁切废料\242_千岛湖_玩水互动_裁剪分割__CV022_S036__裁切废料.mp4,0.95,裁剪完成，已输出新素材；原分镜未覆盖；保留区域 y=4.1% h=66.7%（含黑边检测）,C:\Users\z\AppData\Local\Temp\scene_title_check_5rhmyk87\0088.jpg
244_千岛湖_玩水互动_裁剪分割__CV022_S038.mp4,D:\Download\素材下载\团建视频\千岛湖智能镜头分类\05_项目活动\玩水互动\裁切废料\244_千岛湖_玩水互动_裁剪分割__CV022_S038__裁切废料.mp4,0.58,裁剪完成，已输出新素材；原分镜未覆盖；保留区域 y=0.0% h=62.0%（含黑边检测）,C:\Users\z\AppData\Local\Temp\scene_title_check_5rhmyk87\0090.jpg
245_千岛湖_玩水互动_裁剪分割__CV022_S039.mp4,D:\Download\素材下载\团建视频\千岛湖智能镜头分类\05_项目活动\玩水互动\裁切废料\245_千岛湖_玩水互动_裁剪分割__CV022_S039__裁切废料.mp4,0.7,裁剪完成，已输出新素材；原分镜未覆盖；保留区域 y=5.3% h=65.5%（含黑边检测）,C:\Users\z\AppData\Local\Temp\scene_title_check_5rhmyk87\0091.jpg
246_千岛湖_玩水互动_裁剪分割__CV022_S040.mp4,D:\Download\素材下载\团建视频\千岛湖智能镜头分类\05_项目活动\玩水互动\裁切废料\246_千岛湖_玩水互动_裁剪分割__CV022_S040__裁切废料.mp4,0.86,裁剪完成，已输出新素材；原分镜未覆盖；保留区域 y=17.9% h=53.3%（含黑边检测）,C:\Users\z\AppData\Local\Temp\scene_title_check_5rhmyk87\0092.jpg
247_千岛湖_玩水互动_裁剪分割__CV022_S041.mp4,D:\Download\素材下载\团建视频\千岛湖智能镜头分类\05_项目活动\玩水互动\裁切废料\247_千岛湖_玩水互动_裁剪分割__CV022_S041__裁切废料.mp4,0.86,裁剪完成，已输出新素材；原分镜未覆盖；保留区域 y=5.3% h=65.8%（含黑边检测）,C:\Users\z\AppData\Local\Temp\scene_title_check_5rhmyk87\0093.jpg
248_千岛湖_玩水互动_裁剪分割__CV022_S042.mp4,D:\Download\素材下载\团建视频\千岛湖智能镜头分类\05_项目活动\玩水互动\裁切废料\248_千岛湖_玩水互动_裁剪分割__CV022_S042__裁切废料.mp4,0.58,裁剪完成，已输出新素材；原分镜未覆盖；保留区域 y=0.0% h=80.6%（含黑边检测）,C:\Users\z\AppData\Local\Temp\scene_title_check_5rhmyk87\0094.jpg
249_千岛湖_玩水互动_裁剪分割__CV022_S043.mp4,D:\Download\素材下载\团建视频\千岛湖智能镜头分类\05_项目活动\玩水互动\裁切废料\249_千岛湖_玩水互动_裁剪分割__CV022_S043__裁切废料.mp4,0.86,裁剪完成，已输出新素材；原分镜未覆盖；保留区域 y=15.7% h=63.9%（含黑边检测）,C:\Users\z\AppData\Local\Temp\scene_title_check_5rhmyk87\0095.jpg
250_千岛湖_玩水互动_裁剪分割__CV022_S044.mp4,D:\Download\素材下载\团建视频\千岛湖智能镜头分类\05_项目活动\玩水互动\裁切废料\250_千岛湖_玩水互动_裁剪分割__CV022_S044__裁切废料.mp4,0.86,裁剪完成，已输出新素材；原分镜未覆盖；保留区域 y=7.6% h=54.6%（含黑边检测）,C:\Users\z\AppData\Local\Temp\scene_title_check_5rhmyk87\0096.jpg
251_千岛湖_玩水互动_裁剪分割__CV022_S045.mp4,D:\Download\素材下载\团建视频\千岛湖智能镜头分类\05_项目活动\玩水互动\裁切废料\251_千岛湖_玩水互动_裁剪分割__CV022_S045__裁切废料.mp4,0.86,裁剪完成，已输出新素材；原分镜未覆盖；保留区域 y=10.3% h=62.0%（含黑边检测）,C:\Users\z\AppData\Local\Temp\scene_title_check_5rhmyk87\0097.jpg
252_千岛湖_玩水互动_裁剪分割__CV022_S046.mp4,D:\Download\素材下载\团建视频\千岛湖智能镜头分类\05_项目活动\玩水互动\裁切废料\252_千岛湖_玩水互动_裁剪分割__CV022_S046__裁切废料.mp4,0.7,裁剪完成，已输出新素材；原分镜未覆盖；保留区域 y=0.0% h=71.7%（含黑边检测）,C:\Users\z\AppData\Local\Temp\scene_title_check_5rhmyk87\0098.jpg
253_千岛湖_玩水互动_裁剪分割__CV026_S006.mp4,D:\Download\素材下载\团建视频\千岛湖智能镜头分类\05_项目活动\玩水互动\裁切废料\253_千岛湖_玩水互动_裁剪分割__CV026_S006__裁切废料.mp4,0.7,裁剪完成，已输出新素材；原分镜未覆盖；保留区域 y=7.4% h=69.4%（含黑边检测）,C:\Users\z\AppData\Local\Temp\scene_title_check_5rhmyk87\0099.jpg
254_千岛湖_玩水互动_裁剪分割__CV026_S007.mp4,D:\Download\素材下载\团建视频\千岛湖智能镜头分类\05_项目活动\玩水互动\裁切废料\254_千岛湖_玩水互动_裁剪分割__CV026_S007__裁切废料.mp4,0.86,裁剪完成，已输出新素材；原分镜未覆盖；保留区域 y=18.0% h=61.1%（含黑边检测）,C:\Users\z\AppData\Local\Temp\scene_title_check_5rhmyk87\0100.jpg
255_千岛湖_玩水互动_裁剪分割__CV026_S008.mp4,D:\Download\素材下载\团建视频\千岛湖智能镜头分类\05_项目活动\玩水互动\裁切废料\255_千岛湖_玩水互动_裁剪分割__CV026_S008__裁切废料.mp4,0.7,裁剪完成，已输出新素材；原分镜未覆盖；保留区域 y=3.9% h=73.7%（含黑边检测）,C:\Users\z\AppData\Local\Temp\scene_title_check_5rhmyk87\0101.jpg
256_千岛湖_玩水互动_裁剪分割__CV026_S009.mp4,D:\Download\素材下载\团建视频\千岛湖智能镜头分类\05_项目活动\玩水互动\裁切废料\256_千岛湖_玩水互动_裁剪分割__CV026_S009__裁切废料.mp4,0.74,裁剪完成，已输出新素材；原分镜未覆盖；保留区域 y=3.7% h=73.6%（含黑边检测）,C:\Users\z\AppData\Local\Temp\scene_title_check_5rhmyk87\0102.jpg
258_千岛湖_玩水互动_裁剪分割__CV026_S011.mp4,D:\Download\素材下载\团建视频\千岛湖智能镜头分类\05_项目活动\玩水互动\裁切废料\258_千岛湖_玩水互动_裁剪分割__CV026_S011__裁切废料.mp4,0.95,裁剪完成，已输出新素材；原分镜未覆盖；保留区域 y=18.0% h=59.0%（含黑边检测）,C:\Users\z\AppData\Local\Temp\scene_title_check_5rhmyk87\0104.jpg
260_千岛湖_玩水互动_裁剪分割__CV026_S013.mp4,D:\Download\素材下载\团建视频\千岛湖智能镜头分类\05_项目活动\玩水互动\裁切废料\260_千岛湖_玩水互动_裁剪分割__CV026_S013__裁切废料.mp4,0.7,裁剪完成，已输出新素材；原分镜未覆盖；保留区域 y=18.0% h=58.3%（含黑边检测）,C:\Users\z\AppData\Local\Temp\scene_title_check_5rhmyk87\0106.jpg
261_千岛湖_玩水互动_裁剪分割__CV026_S014.mp4,D:\Download\素材下载\团建视频\千岛湖智能镜头分类\05_项目活动\玩水互动\裁切废料\261_千岛湖_玩水互动_裁剪分割__CV026_S014__裁切废料.mp4,0.58,裁剪完成，已输出新素材；原分镜未覆盖；保留区域 y=16.9% h=45.0%（含黑边检测）,C:\Users\z\AppData\Local\Temp\scene_title_check_5rhmyk87\0107.jpg
263_千岛湖_玩水互动_裁剪分割__CV026_S016.mp4,D:\Download\素材下载\团建视频\千岛湖智能镜头分类\05_项目活动\玩水互动\裁切废料\263_千岛湖_玩水互动_裁剪分割__CV026_S016__裁切废料.mp4,0.74,裁剪完成，已输出新素材；原分镜未覆盖；保留区域 y=12.0% h=51.4%（含黑边检测）,C:\Users\z\AppData\Local\Temp\scene_title_check_5rhmyk87\0109.jpg
264_千岛湖_玩水互动_裁剪分割__CV026_S017.mp4,D:\Download\素材下载\团建视频\千岛湖智能镜头分类\05_项目活动\玩水互动\裁切废料\264_千岛湖_玩水互动_裁剪分割__CV026_S017__裁切废料.mp4,0.7,裁剪完成，已输出新素材；原分镜未覆盖；保留区域 y=18.0% h=57.5%（含黑边检测）,C:\Users\z\AppData\Local\Temp\scene_title_check_5rhmyk87\0110.jpg
271_千岛湖_玩水互动_裁剪分割__CV026_S024.mp4,D:\Download\素材下载\团建视频\千岛湖智能镜头分类\05_项目活动\玩水互动\裁切废料\271_千岛湖_玩水互动_裁剪分割__CV026_S024__裁切废料.mp4,0.74,裁剪完成，已输出新素材；原分镜未覆盖；保留区域 y=0.0% h=62.1%（含黑边检测）,C:\Users\z\AppData\Local\Temp\scene_title_check_5rhmyk87\0117.jpg
274_千岛湖_玩水互动_裁剪分割__CV026_S027.mp4,D:\Download\素材下载\团建视频\千岛湖智能镜头分类\05_项目活动\玩水互动\裁切废料\274_千岛湖_玩水互动_裁剪分割__CV026_S027__裁切废料.mp4,0.58,裁剪完成，已输出新素材；原分镜未覆盖；保留区域 y=0.0% h=79.7%（含黑边检测）,C:\Users\z\AppData\Local\Temp\scene_title_check_5rhmyk87\0120.jpg
275_千岛湖_玩水互动_裁剪分割__CV026_S028.mp4,D:\Download\素材下载\团建视频\千岛湖智能镜头分类\05_项目活动\玩水互动\裁切废料\275_千岛湖_玩水互动_裁剪分割__CV026_S028__裁切废料.mp4,0.58,裁剪完成，已输出新素材；原分镜未覆盖；保留区域 y=0.0% h=62.1%（含黑边检测）,C:\Users\z\AppData\Local\Temp\scene_title_check_5rhmyk87\0121.jpg
278_千岛湖_玩水互动_裁剪分割__CV026_S031.mp4,D:\Download\素材下载\团建视频\千岛湖智能镜头分类\05_项目活动\玩水互动\裁切废料\278_千岛湖_玩水互动_裁剪分割__CV026_S031__裁切废料.mp4,0.7,裁剪完成，已输出新素材；原分镜未覆盖；保留区域 y=18.0% h=45.0%（含黑边检测）,C:\Users\z\AppData\Local\Temp\scene_title_check_5rhmyk87\0124.jpg
280_千岛湖_玩水互动_裁剪分割__CV026_S033.mp4,D:\Download\素材下载\团建视频\千岛湖智能镜头分类\05_项目活动\玩水互动\裁切废料\280_千岛湖_玩水互动_裁剪分割__CV026_S033__裁切废料.mp4,0.95,裁剪完成，已输出新素材；原分镜未覆盖；保留区域 y=5.1% h=72.4%（含黑边检测）,C:\Users\z\AppData\Local\Temp\scene_title_check_5rhmyk87\0126.jpg
281_千岛湖_玩水互动_裁剪分割__CV026_S034.mp4,D:\Download\素材下载\团建视频\千岛湖智能镜头分类\05_项目活动\玩水互动\裁切废料\281_千岛湖_玩水互动_裁剪分割__CV026_S034__裁切废料.mp4,0.74,裁剪完成，已输出新素材；原分镜未覆盖；保留区域 y=0.0% h=78.1%（含黑边检测）,C:\Users\z\AppData\Local\Temp\scene_title_check_5rhmyk87\0127.jpg
282_千岛湖_玩水互动_裁剪分割__CV026_S035.mp4,D:\Download\素材下载\团建视频\千岛湖智能镜头分类\05_项目活动\玩水互动\裁切废料\282_千岛湖_玩水互动_裁剪分割__CV026_S035__裁切废料.mp4,0.86,裁剪完成，已输出新素材；原分镜未覆盖；保留区域 y=18.0% h=58.8%（含黑边检测）,C:\Users\z\AppData\Local\Temp\scene_title_check_5rhmyk87\0128.jpg
283_千岛湖_玩水互动_裁剪分割__CV026_S036.mp4,D:\Download\素材下载\团建视频\千岛湖智能镜头分类\05_项目活动\玩水互动\裁切废料\283_千岛湖_玩水互动_裁剪分割__CV026_S036__裁切废料.mp4,0.86,裁剪完成，已输出新素材；原分镜未覆盖；保留区域 y=18.0% h=59.0%（含黑边检测）,C:\Users\z\AppData\Local\Temp\scene_title_check_5rhmyk87\0129.jpg
284_千岛湖_玩水互动_裁剪分割__CV026_S037.mp4,D:\Download\素材下载\团建视频\千岛湖智能镜头分类\05_项目活动\玩水互动\裁切废料\284_千岛湖_玩水互动_裁剪分割__CV026_S037__裁切废料.mp4,0.86,裁剪完成，已输出新素材；原分镜未覆盖；保留区域 y=15.2% h=61.7%（含黑边检测）,C:\Users\z\AppData\Local\Temp\scene_title_check_5rhmyk87\0130.jpg
285_千岛湖_玩水互动_裁剪分割__CV026_S038.mp4,D:\Download\素材下载\团建视频\千岛湖智能镜头分类\05_项目活动\玩水互动\裁切废料\285_千岛湖_玩水互动_裁剪分割__CV026_S038__裁切废料.mp4,0.86,裁剪完成，已输出新素材；原分镜未覆盖；保留区域 y=18.0% h=59.3%（含黑边检测）,C:\Users\z\AppData\Local\Temp\scene_title_check_5rhmyk87\0131.jpg
286_千岛湖_玩水互动_裁剪分割__CV026_S039.mp4,D:\Download\素材下载\团建视频\千岛湖智能镜头分类\05_项目活动\玩水互动\裁切废料\286_千岛湖_玩水互动_裁剪分割__CV026_S039__裁切废料.mp4,0.9,裁剪完成，已输出新素材；原分镜未覆盖；保留区域 y=10.8% h=65.9%（含黑边检测）,C:\Users\z\AppData\Local\Temp\scene_title_check_5rhmyk87\0132.jpg
287_千岛湖_玩水互动_裁剪分割__CV026_S040.mp4,D:\Download\素材下载\团建视频\千岛湖智能镜头分类\05_项目活动\玩水互动\裁切废料\287_千岛湖_玩水互动_裁剪分割__CV026_S040__裁切废料.mp4,0.95,裁剪完成，已输出新素材；原分镜未覆盖；保留区域 y=5.7% h=71.2%（含黑边检测）,C:\Users\z\AppData\Local\Temp\scene_title_check_5rhmyk87\0133.jpg
288_千岛湖_玩水互动_裁剪分割__CV026_S041.mp4,D:\Download\素材下载\团建视频\千岛湖智能镜头分类\05_项目活动\玩水互动\裁切废料\288_千岛湖_玩水互动_裁剪分割__CV026_S041__裁切废料.mp4,0.7,裁剪完成，已输出新素材；原分镜未覆盖；保留区域 y=3.6% h=73.2%（含黑边检测）,C:\Users\z\AppData\Local\Temp\scene_title_check_5rhmyk87\0134.jpg
291_千岛湖_玩水互动_裁剪分割__CV026_S044.mp4,D:\Download\素材下载\团建视频\千岛湖智能镜头分类\05_项目活动\玩水互动\裁切废料\291_千岛湖_玩水互动_裁剪分割__CV026_S044__裁切废料.mp4,0.95,裁剪完成，已输出新素材；原分镜未覆盖；保留区域 y=18.0% h=58.3%（含黑边检测）,C:\Users\z\AppData\Local\Temp\scene_title_check_5rhmyk87\0137.jpg
294_千岛湖_玩水互动_裁剪分割__CV026_S047.mp4,D:\Download\素材下载\团建视频\千岛湖智能镜头分类\05_项目活动\玩水互动\裁切废料\294_千岛湖_玩水互动_裁剪分割__CV026_S047__裁切废料.mp4,0.86,裁剪完成，已输出新素材；原分镜未覆盖；保留区域 y=0.0% h=76.9%（含黑边检测）,C:\Users\z\AppData\Local\Temp\scene_title_check_5rhmyk87\0140.jpg
297_千岛湖_玩水互动_裁剪分割__CV026_S050.mp4,D:\Download\素材下载\团建视频\千岛湖智能镜头分类\05_项目活动\玩水互动\裁切废料\297_千岛湖_玩水互动_裁剪分割__CV026_S050__裁切废料.mp4,0.7,裁剪完成，已输出新素材；原分镜未覆盖；保留区域 y=6.4% h=70.6%（含黑边检测）,C:\Users\z\AppData\Local\Temp\scene_title_check_5rhmyk87\0143.jpg
001_千岛湖_皮划艇__S_V003_S005.mp4,D:\Download\素材下载\团建视频\千岛湖智能镜头分类\05_项目活动\皮划艇\裁切废料\001_千岛湖_皮划艇__S_V003_S005__裁切废料.mp4,0.58,裁剪完成，已输出新素材；原分镜未覆盖；保留区域 y=0.0% h=77.2%（含黑边检测）,C:\Users\z\AppData\Local\Temp\scene_title_check_5rhmyk87\0144.jpg
002_千岛湖_皮划艇__S_V003_S012.mp4,D:\Download\素材下载\团建视频\千岛湖智能镜头分类\05_项目活动\皮划艇\裁切废料\002_千岛湖_皮划艇__S_V003_S012__裁切废料.mp4,0.9,裁剪完成，已输出新素材；原分镜未覆盖；保留区域 y=0.0% h=80.3%（含黑边检测）,C:\Users\z\AppData\Local\Temp\scene_title_check_5rhmyk87\0145.jpg
003_千岛湖_皮划艇__A_V011_S003.mp4,D:\Download\素材下载\团建视频\千岛湖智能镜头分类\05_项目活动\皮划艇\裁切废料\003_千岛湖_皮划艇__A_V011_S003__裁切废料.mp4,0.58,裁剪完成，已输出新素材；原分镜未覆盖；保留区域 y=0.0% h=70.9%（含黑边检测）,C:\Users\z\AppData\Local\Temp\scene_title_check_5rhmyk87\0146.jpg
167_千岛湖_皮划艇_裁剪分割__CV020_S003.mp4,D:\Download\素材下载\团建视频\千岛湖智能镜头分类\05_项目活动\皮划艇\裁切废料\167_千岛湖_皮划艇_裁剪分割__CV020_S003__裁切废料.mp4,0.86,裁剪完成，已输出新素材；原分镜未覆盖；保留区域 y=17.9% h=56.1%（含黑边检测）,C:\Users\z\AppData\Local\Temp\scene_title_check_5rhmyk87\0149.jpg
168_千岛湖_皮划艇_裁剪分割__CV020_S004.mp4,D:\Download\素材下载\团建视频\千岛湖智能镜头分类\05_项目活动\皮划艇\裁切废料\168_千岛湖_皮划艇_裁剪分割__CV020_S004__裁切废料.mp4,0.7,裁剪完成，已输出新素材；原分镜未覆盖；保留区域 y=17.9% h=56.3%（含黑边检测）,C:\Users\z\AppData\Local\Temp\scene_title_check_5rhmyk87\0150.jpg
171_千岛湖_皮划艇_裁剪分割__CV020_S007.mp4,D:\Download\素材下载\团建视频\千岛湖智能镜头分类\05_项目活动\皮划艇\裁切废料\171_千岛湖_皮划艇_裁剪分割__CV020_S007__裁切废料.mp4,0.58,裁剪完成，已输出新素材；原分镜未覆盖；保留区域 y=0.0% h=74.0%（含黑边检测）,C:\Users\z\AppData\Local\Temp\scene_title_check_5rhmyk87\0153.jpg
172_千岛湖_皮划艇_裁剪分割__CV020_S008.mp4,D:\Download\素材下载\团建视频\千岛湖智能镜头分类\05_项目活动\皮划艇\裁切废料\172_千岛湖_皮划艇_裁剪分割__CV020_S008__裁切废料.mp4,0.9,裁剪完成，已输出新素材；原分镜未覆盖；保留区域 y=16.7% h=56.9%（含黑边检测）,C:\Users\z\AppData\Local\Temp\scene_title_check_5rhmyk87\0154.jpg
173_千岛湖_皮划艇_裁剪分割__CV020_S009.mp4,D:\Download\素材下载\团建视频\千岛湖智能镜头分类\05_项目活动\皮划艇\裁切废料\173_千岛湖_皮划艇_裁剪分割__CV020_S009__裁切废料.mp4,0.58,裁剪完成，已输出新素材；原分镜未覆盖；保留区域 y=0.0% h=69.4%（含黑边检测）,C:\Users\z\AppData\Local\Temp\scene_title_check_5rhmyk87\0155.jpg
177_千岛湖_皮划艇_裁剪分割__CV020_S013.mp4,D:\Download\素材下载\团建视频\千岛湖智能镜头分类\05_项目活动\皮划艇\裁切废料\177_千岛湖_皮划艇_裁剪分割__CV020_S013__裁切废料.mp4,0.7,裁剪完成，已输出新素材；原分镜未覆盖；保留区域 y=4.9% h=68.3%（含黑边检测）,C:\Users\z\AppData\Local\Temp\scene_title_check_5rhmyk87\0159.jpg
178_千岛湖_皮划艇_裁剪分割__CV020_S014.mp4,D:\Download\素材下载\团建视频\千岛湖智能镜头分类\05_项目活动\皮划艇\裁切废料\178_千岛湖_皮划艇_裁剪分割__CV020_S014__裁切废料.mp4,0.58,裁剪完成，已输出新素材；原分镜未覆盖；保留区域 y=12.0% h=61.8%（含黑边检测）,C:\Users\z\AppData\Local\Temp\scene_title_check_5rhmyk87\0160.jpg
181_千岛湖_皮划艇_裁剪分割__CV020_S017.mp4,D:\Download\素材下载\团建视频\千岛湖智能镜头分类\05_项目活动\皮划艇\裁切废料\181_千岛湖_皮划艇_裁剪分割__CV020_S017__裁切废料.mp4,0.58,裁剪完成，已输出新素材；原分镜未覆盖；保留区域 y=8.0% h=54.0%（含黑边检测）,C:\Users\z\AppData\Local\Temp\scene_title_check_5rhmyk87\0163.jpg
184_千岛湖_皮划艇_裁剪分割__CV020_S020.mp4,D:\Download\素材下载\团建视频\千岛湖智能镜头分类\05_项目活动\皮划艇\裁切废料\184_千岛湖_皮划艇_裁剪分割__CV020_S020__裁切废料.mp4,0.58,裁剪完成，已输出新素材；原分镜未覆盖；保留区域 y=0.0% h=61.9%（含黑边检测）,C:\Users\z\AppData\Local\Temp\scene_title_check_5rhmyk87\0166.jpg
185_千岛湖_皮划艇_裁剪分割__CV020_S021.mp4,D:\Download\素材下载\团建视频\千岛湖智能镜头分类\05_项目活动\皮划艇\裁切废料\185_千岛湖_皮划艇_裁剪分割__CV020_S021__裁切废料.mp4,0.58,裁剪完成，已输出新素材；原分镜未覆盖；保留区域 y=18.0% h=45.0%（含黑边检测）,C:\Users\z\AppData\Local\Temp\scene_title_check_5rhmyk87\0167.jpg
186_千岛湖_皮划艇_裁剪分割__CV020_S022.mp4,D:\Download\素材下载\团建视频\千岛湖智能镜头分类\05_项目活动\皮划艇\裁切废料\186_千岛湖_皮划艇_裁剪分割__CV020_S022__裁切废料.mp4,0.74,裁剪完成，已输出新素材；原分镜未覆盖；保留区域 y=0.0% h=62.5%（含黑边检测）,C:\Users\z\AppData\Local\Temp\scene_title_check_5rhmyk87\0168.jpg
187_千岛湖_皮划艇_裁剪分割__CV020_S023.mp4,D:\Download\素材下载\团建视频\千岛湖智能镜头分类\05_项目活动\皮划艇\裁切废料\187_千岛湖_皮划艇_裁剪分割__CV020_S023__裁切废料.mp4,0.58,裁剪完成，已输出新素材；原分镜未覆盖；保留区域 y=0.0% h=62.5%（含黑边检测）,C:\Users\z\AppData\Local\Temp\scene_title_check_5rhmyk87\0169.jpg
194_千岛湖_皮划艇_裁剪分割__CV020_S030.mp4,D:\Download\素材下载\团建视频\千岛湖智能镜头分类\05_项目活动\皮划艇\裁切废料\194_千岛湖_皮划艇_裁剪分割__CV020_S030__裁切废料.mp4,0.58,裁剪完成，已输出新素材；原分镜未覆盖；保留区域 y=0.0% h=74.0%（含黑边检测）,C:\Users\z\AppData\Local\Temp\scene_title_check_5rhmyk87\0176.jpg
195_千岛湖_皮划艇_裁剪分割__CV020_S031.mp4,D:\Download\素材下载\团建视频\千岛湖智能镜头分类\05_项目活动\皮划艇\裁切废料\195_千岛湖_皮划艇_裁剪分割__CV020_S031__裁切废料.mp4,0.58,裁剪完成，已输出新素材；原分镜未覆盖；保留区域 y=0.0% h=74.0%（含黑边检测）,C:\Users\z\AppData\Local\Temp\scene_title_check_5rhmyk87\0177.jpg
196_千岛湖_皮划艇_裁剪分割__CV020_S032.mp4,D:\Download\素材下载\团建视频\千岛湖智能镜头分类\05_项目活动\皮划艇\裁切废料\196_千岛湖_皮划艇_裁剪分割__CV020_S032__裁切废料.mp4,0.7,裁剪完成，已输出新素材；原分镜未覆盖；保留区域 y=16.1% h=58.1%（含黑边检测）,C:\Users\z\AppData\Local\Temp\scene_title_check_5rhmyk87\0178.jpg
198_千岛湖_皮划艇_裁剪分割__CV020_S034.mp4,D:\Download\素材下载\团建视频\千岛湖智能镜头分类\05_项目活动\皮划艇\裁切废料\198_千岛湖_皮划艇_裁剪分割__CV020_S034__裁切废料.mp4,0.7,裁剪完成，已输出新素材；原分镜未覆盖；保留区域 y=4.7% h=69.2%（含黑边检测）,C:\Users\z\AppData\Local\Temp\scene_title_check_5rhmyk87\0180.jpg
199_千岛湖_皮划艇_裁剪分割__CV020_S035.mp4,D:\Download\素材下载\团建视频\千岛湖智能镜头分类\05_项目活动\皮划艇\裁切废料\199_千岛湖_皮划艇_裁剪分割__CV020_S035__裁切废料.mp4,0.7,裁剪完成，已输出新素材；原分镜未覆盖；保留区域 y=11.4% h=62.6%（含黑边检测）,C:\Users\z\AppData\Local\Temp\scene_title_check_5rhmyk87\0181.jpg
200_千岛湖_皮划艇_裁剪分割__CV020_S036.mp4,D:\Download\素材下载\团建视频\千岛湖智能镜头分类\05_项目活动\皮划艇\裁切废料\200_千岛湖_皮划艇_裁剪分割__CV020_S036__裁切废料.mp4,0.86,裁剪完成，已输出新素材；原分镜未覆盖；保留区域 y=17.9% h=57.7%（含黑边检测）,C:\Users\z\AppData\Local\Temp\scene_title_check_5rhmyk87\0182.jpg
201_千岛湖_皮划艇_裁剪分割__CV020_S037.mp4,D:\Download\素材下载\团建视频\千岛湖智能镜头分类\05_项目活动\皮划艇\裁切废料\201_千岛湖_皮划艇_裁剪分割__CV020_S037__裁切废料.mp4,0.86,裁剪完成，已输出新素材；原分镜未覆盖；保留区域 y=4.0% h=70.3%（含黑边检测）,C:\Users\z\AppData\Local\Temp\scene_title_check_5rhmyk87\0183.jpg
203_千岛湖_皮划艇_裁剪分割__CV020_S039.mp4,D:\Download\素材下载\团建视频\千岛湖智能镜头分类\05_项目活动\皮划艇\裁切废料\203_千岛湖_皮划艇_裁剪分割__CV020_S039__裁切废料.mp4,0.58,裁剪完成，已输出新素材；原分镜未覆盖；保留区域 y=0.0% h=61.9%（含黑边检测）,C:\Users\z\AppData\Local\Temp\scene_title_check_5rhmyk87\0185.jpg
206_千岛湖_皮划艇_裁剪分割__CV020_S042.mp4,D:\Download\素材下载\团建视频\千岛湖智能镜头分类\05_项目活动\皮划艇\裁切废料\206_千岛湖_皮划艇_裁剪分割__CV020_S042__裁切废料.mp4,0.95,裁剪完成，已输出新素材；原分镜未覆盖；保留区域 y=12.4% h=61.7%（含黑边检测）,C:\Users\z\AppData\Local\Temp\scene_title_check_5rhmyk87\0188.jpg
208_千岛湖_皮划艇_裁剪分割__CV020_S044.mp4,D:\Download\素材下载\团建视频\千岛湖智能镜头分类\05_项目活动\皮划艇\裁切废料\208_千岛湖_皮划艇_裁剪分割__CV020_S044__裁切废料.mp4,0.9,裁剪完成，已输出新素材；原分镜未覆盖；保留区域 y=11.8% h=62.4%（含黑边检测）,C:\Users\z\AppData\Local\Temp\scene_title_check_5rhmyk87\0190.jpg
014_千岛湖_待人工分类_裁剪分割__CV003_S008.mp4,D:\Download\素材下载\团建视频\千岛湖智能镜头分类\90_待人工分类\裁剪分割待复核\裁切废料\014_千岛湖_待人工分类_裁剪分割__CV003_S008__裁切废料.mp4,0.7,裁剪完成，已输出新素材；原分镜未覆盖；保留区域 y=1.6% h=60.3%（含黑边检测）,C:\Users\z\AppData\Local\Temp\scene_title_check_5rhmyk87\0200.jpg
017_千岛湖_待人工分类_裁剪分割__CV004_S003.mp4,D:\Download\素材下载\团建视频\千岛湖智能镜头分类\90_待人工分类\裁剪分割待复核\裁切废料\017_千岛湖_待人工分类_裁剪分割__CV004_S003__裁切废料.mp4,0.7,裁剪完成，已输出新素材；原分镜未覆盖；保留区域 y=8.1% h=69.6%（含黑边检测）,C:\Users\z\AppData\Local\Temp\scene_title_check_5rhmyk87\0203.jpg
020_千岛湖_待人工分类_裁剪分割__CV004_S006.mp4,D:\Download\素材下载\团建视频\千岛湖智能镜头分类\90_待人工分类\裁剪分割待复核\裁切废料\020_千岛湖_待人工分类_裁剪分割__CV004_S006__裁切废料.mp4,0.58,裁剪完成，已输出新素材；原分镜未覆盖；保留区域 y=0.0% h=62.0%（含黑边检测）,C:\Users\z\AppData\Local\Temp\scene_title_check_5rhmyk87\0206.jpg
021_千岛湖_待人工分类_裁剪分割__CV004_S007.mp4,D:\Download\素材下载\团建视频\千岛湖智能镜头分类\90_待人工分类\裁剪分割待复核\裁切废料\021_千岛湖_待人工分类_裁剪分割__CV004_S007__裁切废料.mp4,0.58,裁剪完成，已输出新素材；原分镜未覆盖；保留区域 y=0.0% h=77.6%（含黑边检测）,C:\Users\z\AppData\Local\Temp\scene_title_check_5rhmyk87\0207.jpg
022_千岛湖_待人工分类_裁剪分割__CV004_S008.mp4,D:\Download\素材下载\团建视频\千岛湖智能镜头分类\90_待人工分类\裁剪分割待复核\裁切废料\022_千岛湖_待人工分类_裁剪分割__CV004_S008__裁切废料.mp4,0.7,裁剪完成，已输出新素材；原分镜未覆盖；保留区域 y=10.8% h=69.5%（含黑边检测）,C:\Users\z\AppData\Local\Temp\scene_title_check_5rhmyk87\0208.jpg
024_千岛湖_待人工分类_裁剪分割__CV004_S010.mp4,D:\Download\素材下载\团建视频\千岛湖智能镜头分类\90_待人工分类\裁剪分割待复核\裁切废料\024_千岛湖_待人工分类_裁剪分割__CV004_S010__裁切废料.mp4,0.7,裁剪完成，已输出新素材；原分镜未覆盖；保留区域 y=12.5% h=58.9%（含黑边检测）,C:\Users\z\AppData\Local\Temp\scene_title_check_5rhmyk87\0209.jpg
025_千岛湖_待人工分类_裁剪分割__CV004_S011.mp4,D:\Download\素材下载\团建视频\千岛湖智能镜头分类\90_待人工分类\裁剪分割待复核\裁切废料\025_千岛湖_待人工分类_裁剪分割__CV004_S011__裁切废料.mp4,0.58,裁剪完成，已输出新素材；原分镜未覆盖；保留区域 y=5.3% h=57.1%（含黑边检测）,C:\Users\z\AppData\Local\Temp\scene_title_check_5rhmyk87\0210.jpg
026_千岛湖_待人工分类_裁剪分割__CV004_S012.mp4,D:\Download\素材下载\团建视频\千岛湖智能镜头分类\90_待人工分类\裁剪分割待复核\裁切废料\026_千岛湖_待人工分类_裁剪分割__CV004_S012__裁切废料.mp4,0.7,裁剪完成，已输出新素材；原分镜未覆盖；保留区域 y=18.0% h=60.5%（含黑边检测）,C:\Users\z\AppData\Local\Temp\scene_title_check_5rhmyk87\0211.jpg
030_千岛湖_待人工分类_裁剪分割__CV004_S016.mp4,D:\Download\素材下载\团建视频\千岛湖智能镜头分类\90_待人工分类\裁剪分割待复核\裁切废料\030_千岛湖_待人工分类_裁剪分割__CV004_S016__裁切废料.mp4,0.7,裁剪完成，已输出新素材；原分镜未覆盖；保留区域 y=15.6% h=64.7%（含黑边检测）,C:\Users\z\AppData\Local\Temp\scene_title_check_5rhmyk87\0213.jpg
034_千岛湖_待人工分类_裁剪分割__CV004_S020.mp4,D:\Download\素材下载\团建视频\千岛湖智能镜头分类\90_待人工分类\裁剪分割待复核\裁切废料\034_千岛湖_待人工分类_裁剪分割__CV004_S020__裁切废料.mp4,0.82,裁剪完成，已输出新素材；原分镜未覆盖；保留区域 y=18.0% h=45.0%（含黑边检测）,C:\Users\z\AppData\Local\Temp\scene_title_check_5rhmyk87\0217.jpg
036_千岛湖_待人工分类_裁剪分割__CV004_S022.mp4,D:\Download\素材下载\团建视频\千岛湖智能镜头分类\90_待人工分类\裁剪分割待复核\裁切废料\036_千岛湖_待人工分类_裁剪分割__CV004_S022__裁切废料.mp4,0.86,裁剪完成，已输出新素材；原分镜未覆盖；保留区域 y=13.6% h=61.7%（含黑边检测）,C:\Users\z\AppData\Local\Temp\scene_title_check_5rhmyk87\0219.jpg
052_千岛湖_待人工分类_裁剪分割__CV009_S001.mp4,D:\Download\素材下载\团建视频\千岛湖智能镜头分类\90_待人工分类\裁剪分割待复核\裁切废料\052_千岛湖_待人工分类_裁剪分割__CV009_S001__裁切废料.mp4,0.9,裁剪完成，已输出新素材；原分镜未覆盖；保留区域 y=0.0% h=76.9%（含黑边检测）,C:\Users\z\AppData\Local\Temp\scene_title_check_5rhmyk87\0222.jpg
053_千岛湖_待人工分类_裁剪分割__CV009_S002.mp4,D:\Download\素材下载\团建视频\千岛湖智能镜头分类\90_待人工分类\裁剪分割待复核\裁切废料\053_千岛湖_待人工分类_裁剪分割__CV009_S002__裁切废料.mp4,0.95,裁剪完成，已输出新素材；原分镜未覆盖；保留区域 y=17.9% h=45.0%（含黑边检测）,C:\Users\z\AppData\Local\Temp\scene_title_check_5rhmyk87\0223.jpg
061_千岛湖_待人工分类_裁剪分割__CV012_S003.mp4,D:\Download\素材下载\团建视频\千岛湖智能镜头分类\90_待人工分类\裁剪分割待复核\裁切废料\061_千岛湖_待人工分类_裁剪分割__CV012_S003__裁切废料.mp4,0.95,裁剪完成，已输出新素材；原分镜未覆盖；保留区域 y=17.9% h=50.1%（含黑边检测）,C:\Users\z\AppData\Local\Temp\scene_title_check_5rhmyk87\0231.jpg
062_千岛湖_待人工分类_裁剪分割__CV012_S004.mp4,D:\Download\素材下载\团建视频\千岛湖智能镜头分类\90_待人工分类\裁剪分割待复核\裁切废料\062_千岛湖_待人工分类_裁剪分割__CV012_S004__裁切废料.mp4,0.95,裁剪完成，已输出新素材；原分镜未覆盖；保留区域 y=9.5% h=69.8%（含黑边检测）,C:\Users\z\AppData\Local\Temp\scene_title_check_5rhmyk87\0232.jpg
064_千岛湖_待人工分类_裁剪分割__CV012_S006.mp4,D:\Download\素材下载\团建视频\千岛湖智能镜头分类\90_待人工分类\裁剪分割待复核\裁切废料\064_千岛湖_待人工分类_裁剪分割__CV012_S006__裁切废料.mp4,0.95,裁剪完成，已输出新素材；原分镜未覆盖；保留区域 y=4.4% h=76.3%（含黑边检测）,C:\Users\z\AppData\Local\Temp\scene_title_check_5rhmyk87\0234.jpg
001_安吉_大巴集合出发__S_V008_S009.mp4,D:\Download\素材下载\团建视频\安吉智能镜头分类\02_出发抵达\大巴集合出发\裁切废料\001_安吉_大巴集合出发__S_V008_S009__裁切废料.mp4,0.58,裁剪完成，已输出新素材；原分镜未覆盖；保留区域 y=0.0% h=65.7%（含黑边检测）,C:\Users\z\AppData\Local\Temp\scene_title_check_5rhmyk87\0235.jpg
003_安吉_大巴集合出发__S_V009_S001.mp4,D:\Download\素材下载\团建视频\安吉智能镜头分类\02_出发抵达\大巴集合出发\裁切废料\003_安吉_大巴集合出发__S_V009_S001__裁切废料.mp4,0.58,裁剪完成，已输出新素材；原分镜未覆盖；保留区域 y=0.0% h=70.6%（含黑边检测）,C:\Users\z\AppData\Local\Temp\scene_title_check_5rhmyk87\0236.jpg
011_安吉_漂流_裁剪分割__CV008_S015.mp4,D:\Download\素材下载\团建视频\安吉智能镜头分类\05_项目活动\漂流\裁切废料\011_安吉_漂流_裁剪分割__CV008_S015__裁切废料.mp4,0.58,裁剪完成，已输出新素材；原分镜未覆盖；保留区域 y=0.0% h=71.9%（含黑边检测）,C:\Users\z\AppData\Local\Temp\scene_title_check_5rhmyk87\0248.jpg
026_安吉_漂流__S_V011_S008.mp4,D:\Download\素材下载\团建视频\安吉智能镜头分类\05_项目活动\漂流\裁切废料\026_安吉_漂流__S_V011_S008__裁切废料.mp4,0.9,裁剪完成，已输出新素材；原分镜未覆盖；保留区域 y=0.0% h=75.9%（含黑边检测）,C:\Users\z\AppData\Local\Temp\scene_title_check_5rhmyk87\0263.jpg
026_安吉_漂流_裁剪分割__CV008_S040.mp4,D:\Download\素材下载\团建视频\安吉智能镜头分类\05_项目活动\漂流\裁切废料\026_安吉_漂流_裁剪分割__CV008_S040__裁切废料.mp4,0.58,裁剪完成，已输出新素材；原分镜未覆盖；保留区域 y=0.0% h=64.6%（含黑边检测）,C:\Users\z\AppData\Local\Temp\scene_title_check_5rhmyk87\0264.jpg
001_安吉_皮划艇__S_V009_S002.mp4,D:\Download\素材下载\团建视频\安吉智能镜头分类\05_项目活动\皮划艇\裁切废料\001_安吉_皮划艇__S_V009_S002__裁切废料.mp4,0.74,裁剪完成，已输出新素材；原分镜未覆盖；保留区域 y=0.0% h=77.9%（含黑边检测）,C:\Users\z\AppData\Local\Temp\scene_title_check_5rhmyk87\0267.jpg
005_安吉_口播讲解__S_V011_S013.mp4,D:\Download\素材下载\团建视频\安吉智能镜头分类\90_待人工分类\口播讲解\裁切废料\005_安吉_口播讲解__S_V011_S013__裁切废料.mp4,0.9,裁剪完成，已输出新素材；原分镜未覆盖；保留区域 y=0.0% h=72.9%（含黑边检测）,C:\Users\z\AppData\Local\Temp\scene_title_check_5rhmyk87\0273.jpg
008_安吉_口播讲解__S_V011_S017.mp4,D:\Download\素材下载\团建视频\安吉智能镜头分类\90_待人工分类\口播讲解\裁切废料\008_安吉_口播讲解__S_V011_S017__裁切废料.mp4,0.9,裁剪完成，已输出新素材；原分镜未覆盖；保留区域 y=0.0% h=73.0%（含黑边检测）,C:\Users\z\AppData\Local\Temp\scene_title_check_5rhmyk87\0274.jpg
007_莫干山_竹林山景__S_V023_S036.mp4,D:\Download\素材下载\团建视频\莫干山智能镜头分类\01_环境空镜\竹林山景\裁切废料\007_莫干山_竹林山景__S_V023_S036__裁切废料.mp4,0.9,裁剪完成，已输出新素材；原分镜未覆盖；保留区域 y=0.0% h=80.2%（含黑边检测）,C:\Users\z\AppData\Local\Temp\scene_title_check_5rhmyk87\0277.jpg
001_莫干山_大巴集合出发__S_V005_S004.mp4,D:\Download\素材下载\团建视频\莫干山智能镜头分类\02_出发抵达\大巴集合出发\裁切废料\001_莫干山_大巴集合出发__S_V005_S004__裁切废料.mp4,0.58,裁剪完成，已输出新素材；原分镜未覆盖；保留区域 y=0.0% h=78.1%（含黑边检测）,C:\Users\z\AppData\Local\Temp\scene_title_check_5rhmyk87\0279.jpg
003_莫干山_大巴集合出发__S_V013_S006.mp4,D:\Download\素材下载\团建视频\莫干山智能镜头分类\02_出发抵达\大巴集合出发\裁切废料\003_莫干山_大巴集合出发__S_V013_S006__裁切废料.mp4,0.74,裁剪完成，已输出新素材；原分镜未覆盖；保留区域 y=0.0% h=78.8%（含黑边检测）,C:\Users\z\AppData\Local\Temp\scene_title_check_5rhmyk87\0280.jpg
227_莫干山_住宿空间_裁剪分割__CV016_S007.mp4,D:\Download\素材下载\团建视频\莫干山智能镜头分类\03_住宿空间\裁切废料\227_莫干山_住宿空间_裁剪分割__CV016_S007__裁切废料.mp4,0.74,裁剪完成，已输出新素材；原分镜未覆盖；保留区域 y=0.0% h=72.3%（含黑边检测）,C:\Users\z\AppData\Local\Temp\scene_title_check_5rhmyk87\0283.jpg
228_莫干山_住宿空间_裁剪分割__CV016_S008.mp4,D:\Download\素材下载\团建视频\莫干山智能镜头分类\03_住宿空间\裁切废料\228_莫干山_住宿空间_裁剪分割__CV016_S008__裁切废料.mp4,0.58,裁剪完成，已输出新素材；原分镜未覆盖；保留区域 y=0.0% h=65.7%（含黑边检测）,C:\Users\z\AppData\Local\Temp\scene_title_check_5rhmyk87\0284.jpg
230_莫干山_住宿空间_裁剪分割__CV016_S010.mp4,D:\Download\素材下载\团建视频\莫干山智能镜头分类\03_住宿空间\裁切废料\230_莫干山_住宿空间_裁剪分割__CV016_S010__裁切废料.mp4,0.74,裁剪完成，已输出新素材；原分镜未覆盖；保留区域 y=0.0% h=61.9%（含黑边检测）,C:\Users\z\AppData\Local\Temp\scene_title_check_5rhmyk87\0286.jpg
231_莫干山_住宿空间_裁剪分割__CV016_S011.mp4,D:\Download\素材下载\团建视频\莫干山智能镜头分类\03_住宿空间\裁切废料\231_莫干山_住宿空间_裁剪分割__CV016_S011__裁切废料.mp4,0.74,裁剪完成，已输出新素材；原分镜未覆盖；保留区域 y=0.0% h=80.0%（含黑边检测）,C:\Users\z\AppData\Local\Temp\scene_title_check_5rhmyk87\0287.jpg
232_莫干山_住宿空间_裁剪分割__CV016_S012.mp4,D:\Download\素材下载\团建视频\莫干山智能镜头分类\03_住宿空间\裁切废料\232_莫干山_住宿空间_裁剪分割__CV016_S012__裁切废料.mp4,0.86,裁剪完成，已输出新素材；原分镜未覆盖；保留区域 y=9.0% h=71.1%（含黑边检测）,C:\Users\z\AppData\Local\Temp\scene_title_check_5rhmyk87\0288.jpg
001_莫干山_酒店民宿房间__S_V001_S025.mp4,D:\Download\素材下载\团建视频\莫干山智能镜头分类\03_住宿空间\酒店民宿房间\裁切废料\001_莫干山_酒店民宿房间__S_V001_S025__裁切废料.mp4,0.74,裁剪完成，已输出新素材；原分镜未覆盖；保留区域 y=0.0% h=78.9%（含黑边检测）,C:\Users\z\AppData\Local\Temp\scene_title_check_5rhmyk87\0294.jpg
002_莫干山_酒店民宿房间__S_V005_S009.mp4,D:\Download\素材下载\团建视频\莫干山智能镜头分类\03_住宿空间\酒店民宿房间\裁切废料\002_莫干山_酒店民宿房间__S_V005_S009__裁切废料.mp4,0.58,裁剪完成，已输出新素材；原分镜未覆盖；保留区域 y=0.0% h=76.1%（含黑边检测）,C:\Users\z\AppData\Local\Temp\scene_title_check_5rhmyk87\0295.jpg
005_莫干山_酒店民宿房间__S_V007_S015.mp4,D:\Download\素材下载\团建视频\莫干山智能镜头分类\03_住宿空间\酒店民宿房间\裁切废料\005_莫干山_酒店民宿房间__S_V007_S015__裁切废料.mp4,0.74,裁剪完成，已输出新素材；原分镜未覆盖；保留区域 y=0.0% h=73.1%（含黑边检测）,C:\Users\z\AppData\Local\Temp\scene_title_check_5rhmyk87\0297.jpg
008_莫干山_酒店民宿房间__S_V007_S020.mp4,D:\Download\素材下载\团建视频\莫干山智能镜头分类\03_住宿空间\酒店民宿房间\裁切废料\008_莫干山_酒店民宿房间__S_V007_S020__裁切废料.mp4,0.58,裁剪完成，已输出新素材；原分镜未覆盖；保留区域 y=17.4% h=53.3%（含黑边检测）,C:\Users\z\AppData\Local\Temp\scene_title_check_5rhmyk87\0298.jpg
012_莫干山_酒店民宿房间__S_V013_S025.mp4,D:\Download\素材下载\团建视频\莫干山智能镜头分类\03_住宿空间\酒店民宿房间\裁切废料\012_莫干山_酒店民宿房间__S_V013_S025__裁切废料.mp4,0.74,裁剪完成，已输出新素材；原分镜未覆盖；保留区域 y=12.0% h=64.8%（含黑边检测）,C:\Users\z\AppData\Local\Temp\scene_title_check_5rhmyk87\0299.jpg
028_莫干山_农家菜__S_V021_S014.mp4,D:\Download\素材下载\团建视频\莫干山智能镜头分类\04_餐饮美食\农家菜\裁切废料\028_莫干山_农家菜__S_V021_S014__裁切废料.mp4,0.74,裁剪完成，已输出新素材；原分镜未覆盖；保留区域 y=0.0% h=80.8%（含黑边检测）,C:\Users\z\AppData\Local\Temp\scene_title_check_5rhmyk87\0303.jpg
002_莫干山_菜品特写__S_V005_S016.mp4,D:\Download\素材下载\团建视频\莫干山智能镜头分类\04_餐饮美食\菜品特写\裁切废料\002_莫干山_菜品特写__S_V005_S016__裁切废料.mp4,0.58,裁剪完成，已输出新素材；原分镜未覆盖；保留区域 y=0.0% h=62.2%（含黑边检测）,C:\Users\z\AppData\Local\Temp\scene_title_check_5rhmyk87\0305.jpg
006_莫干山_菜品特写__S_V005_S027.mp4,D:\Download\素材下载\团建视频\莫干山智能镜头分类\04_餐饮美食\菜品特写\裁切废料\006_莫干山_菜品特写__S_V005_S027__裁切废料.mp4,0.58,裁剪完成，已输出新素材；原分镜未覆盖；保留区域 y=9.3% h=68.9%（含黑边检测）,C:\Users\z\AppData\Local\Temp\scene_title_check_5rhmyk87\0306.jpg
009_莫干山_菜品特写__A_V016_S024.mp4,D:\Download\素材下载\团建视频\莫干山智能镜头分类\04_餐饮美食\菜品特写\裁切废料\009_莫干山_菜品特写__A_V016_S024__裁切废料.mp4,0.58,裁剪完成，已输出新素材；原分镜未覆盖；保留区域 y=0.0% h=81.1%（含黑边检测）,C:\Users\z\AppData\Local\Temp\scene_title_check_5rhmyk87\0307.jpg
008_莫干山_菜品餐桌__S_V023_S012.mp4,D:\Download\素材下载\团建视频\莫干山智能镜头分类\04_餐饮美食\菜品餐桌\裁切废料\008_莫干山_菜品餐桌__S_V023_S012__裁切废料.mp4,0.74,裁剪完成，已输出新素材；原分镜未覆盖；保留区域 y=0.0% h=78.3%（含黑边检测）,C:\Users\z\AppData\Local\Temp\scene_title_check_5rhmyk87\0308.jpg
001_莫干山_KTV唱歌__S_V013_S004.mp4,D:\Download\素材下载\团建视频\莫干山智能镜头分类\05_项目活动\KTV唱歌\裁切废料\001_莫干山_KTV唱歌__S_V013_S004__裁切废料.mp4,0.86,裁剪完成，已输出新素材；原分镜未覆盖；保留区域 y=8.7% h=71.5%（含黑边检测）,C:\Users\z\AppData\Local\Temp\scene_title_check_5rhmyk87\0310.jpg
001_莫干山_水上乐园__S_V001_S038.mp4,D:\Download\素材下载\团建视频\莫干山智能镜头分类\05_项目活动\水上乐园\裁切废料\001_莫干山_水上乐园__S_V001_S038__裁切废料.mp4,0.74,裁剪完成，已输出新素材；原分镜未覆盖；保留区域 y=0.0% h=77.9%（含黑边检测）,C:\Users\z\AppData\Local\Temp\scene_title_check_5rhmyk87\0321.jpg
003_莫干山_水上乐园__A_V016_S050.mp4,D:\Download\素材下载\团建视频\莫干山智能镜头分类\05_项目活动\水上乐园\裁切废料\003_莫干山_水上乐园__A_V016_S050__裁切废料.mp4,0.58,裁剪完成，已输出新素材；原分镜未覆盖；保留区域 y=0.0% h=77.3%（含黑边检测）,C:\Users\z\AppData\Local\Temp\scene_title_check_5rhmyk87\0323.jpg
006_莫干山_水上乐园__S_V021_S032.mp4,D:\Download\素材下载\团建视频\莫干山智能镜头分类\05_项目活动\水上乐园\裁切废料\006_莫干山_水上乐园__S_V021_S032__裁切废料.mp4,0.86,裁剪完成，已输出新素材；原分镜未覆盖；保留区域 y=17.9% h=59.5%（含黑边检测）,C:\Users\z\AppData\Local\Temp\scene_title_check_5rhmyk87\0324.jpg
001_莫干山_水上拓展__S_V001_S036.mp4,D:\Download\素材下载\团建视频\莫干山智能镜头分类\05_项目活动\水上拓展\裁切废料\001_莫干山_水上拓展__S_V001_S036__裁切废料.mp4,0.58,裁剪完成，已输出新素材；原分镜未覆盖；保留区域 y=0.0% h=63.7%（含黑边检测）,C:\Users\z\AppData\Local\Temp\scene_title_check_5rhmyk87\0325.jpg
002_莫干山_水上拓展__S_V016_S007.mp4,D:\Download\素材下载\团建视频\莫干山智能镜头分类\05_项目活动\水上拓展\裁切废料\002_莫干山_水上拓展__S_V016_S007__裁切废料.mp4,0.74,裁剪完成，已输出新素材；原分镜未覆盖；保留区域 y=0.0% h=71.4%（含黑边检测）,C:\Users\z\AppData\Local\Temp\scene_title_check_5rhmyk87\0326.jpg
005_莫干山_水上拓展__S_V016_S030.mp4,D:\Download\素材下载\团建视频\莫干山智能镜头分类\05_项目活动\水上拓展\裁切废料\005_莫干山_水上拓展__S_V016_S030__裁切废料.mp4,0.74,裁剪完成，已输出新素材；原分镜未覆盖；保留区域 y=0.0% h=70.9%（含黑边检测）,C:\Users\z\AppData\Local\Temp\scene_title_check_5rhmyk87\0329.jpg
003_莫干山_溯溪玩水__S_V005_S048.mp4,D:\Download\素材下载\团建视频\莫干山智能镜头分类\05_项目活动\溯溪玩水\裁切废料\003_莫干山_溯溪玩水__S_V005_S048__裁切废料.mp4,0.58,裁剪完成，已输出新素材；原分镜未覆盖；保留区域 y=0.0% h=72.7%（含黑边检测）,C:\Users\z\AppData\Local\Temp\scene_title_check_5rhmyk87\0331.jpg
010_莫干山_溯溪玩水__S_V023_S034.mp4,D:\Download\素材下载\团建视频\莫干山智能镜头分类\05_项目活动\溯溪玩水\裁切废料\010_莫干山_溯溪玩水__S_V023_S034__裁切废料.mp4,0.86,裁剪完成，已输出新素材；原分镜未覆盖；保留区域 y=14.4% h=59.1%（含黑边检测）,C:\Users\z\AppData\Local\Temp\scene_title_check_5rhmyk87\0337.jpg
002_莫干山_漂流__S_V001_S029.mp4,D:\Download\素材下载\团建视频\莫干山智能镜头分类\05_项目活动\漂流\裁切废料\002_莫干山_漂流__S_V001_S029__裁切废料.mp4,0.7,裁剪完成，已输出新素材；原分镜未覆盖；保留区域 y=6.2% h=69.3%（含黑边检测）,C:\Users\z\AppData\Local\Temp\scene_title_check_5rhmyk87\0340.jpg
014_莫干山_漂流__S_V005_S041.mp4,D:\Download\素材下载\团建视频\莫干山智能镜头分类\05_项目活动\漂流\裁切废料\014_莫干山_漂流__S_V005_S041__裁切废料.mp4,0.58,裁剪完成，已输出新素材；原分镜未覆盖；保留区域 y=0.0% h=73.6%（含黑边检测）,C:\Users\z\AppData\Local\Temp\scene_title_check_5rhmyk87\0349.jpg
075_莫干山_漂流_裁剪分割__CV006_S001.mp4,D:\Download\素材下载\团建视频\莫干山智能镜头分类\05_项目活动\漂流\裁切废料\075_莫干山_漂流_裁剪分割__CV006_S001__裁切废料.mp4,0.7,裁剪完成，已输出新素材；原分镜未覆盖；保留区域 y=5.2% h=71.1%（含黑边检测）,C:\Users\z\AppData\Local\Temp\scene_title_check_5rhmyk87\0355.jpg
078_莫干山_漂流_裁剪分割__CV006_S004.mp4,D:\Download\素材下载\团建视频\莫干山智能镜头分类\05_项目活动\漂流\裁切废料\078_莫干山_漂流_裁剪分割__CV006_S004__裁切废料.mp4,0.58,裁剪完成，已输出新素材；原分镜未覆盖；保留区域 y=0.0% h=62.8%（含黑边检测）,C:\Users\z\AppData\Local\Temp\scene_title_check_5rhmyk87\0358.jpg
079_莫干山_漂流_裁剪分割__CV006_S005.mp4,D:\Download\素材下载\团建视频\莫干山智能镜头分类\05_项目活动\漂流\裁切废料\079_莫干山_漂流_裁剪分割__CV006_S005__裁切废料.mp4,0.86,裁剪完成，已输出新素材；原分镜未覆盖；保留区域 y=14.8% h=62.3%（含黑边检测）,C:\Users\z\AppData\Local\Temp\scene_title_check_5rhmyk87\0359.jpg
080_莫干山_漂流_裁剪分割__CV006_S006.mp4,D:\Download\素材下载\团建视频\莫干山智能镜头分类\05_项目活动\漂流\裁切废料\080_莫干山_漂流_裁剪分割__CV006_S006__裁切废料.mp4,0.74,裁剪完成，已输出新素材；原分镜未覆盖；保留区域 y=4.5% h=65.2%（含黑边检测）,C:\Users\z\AppData\Local\Temp\scene_title_check_5rhmyk87\0360.jpg
081_莫干山_漂流_裁剪分割__CV006_S007.mp4,D:\Download\素材下载\团建视频\莫干山智能镜头分类\05_项目活动\漂流\裁切废料\081_莫干山_漂流_裁剪分割__CV006_S007__裁切废料.mp4,0.7,裁剪完成，已输出新素材；原分镜未覆盖；保留区域 y=17.9% h=52.2%（含黑边检测）,C:\Users\z\AppData\Local\Temp\scene_title_check_5rhmyk87\0361.jpg
084_莫干山_漂流_裁剪分割__CV006_S010.mp4,D:\Download\素材下载\团建视频\莫干山智能镜头分类\05_项目活动\漂流\裁切废料\084_莫干山_漂流_裁剪分割__CV006_S010__裁切废料.mp4,0.7,裁剪完成，已输出新素材；原分镜未覆盖；保留区域 y=17.9% h=60.7%（含黑边检测）,C:\Users\z\AppData\Local\Temp\scene_title_check_5rhmyk87\0364.jpg
087_莫干山_漂流_裁剪分割__CV006_S013.mp4,D:\Download\素材下载\团建视频\莫干山智能镜头分类\05_项目活动\漂流\裁切废料\087_莫干山_漂流_裁剪分割__CV006_S013__裁切废料.mp4,0.95,裁剪完成，已输出新素材；原分镜未覆盖；保留区域 y=17.9% h=59.6%（含黑边检测）,C:\Users\z\AppData\Local\Temp\scene_title_check_5rhmyk87\0367.jpg
089_莫干山_漂流_裁剪分割__CV006_S015.mp4,D:\Download\素材下载\团建视频\莫干山智能镜头分类\05_项目活动\漂流\裁切废料\089_莫干山_漂流_裁剪分割__CV006_S015__裁切废料.mp4,0.7,裁剪完成，已输出新素材；原分镜未覆盖；保留区域 y=3.7% h=73.5%（含黑边检测）,C:\Users\z\AppData\Local\Temp\scene_title_check_5rhmyk87\0369.jpg
090_莫干山_漂流_裁剪分割__CV006_S016.mp4,D:\Download\素材下载\团建视频\莫干山智能镜头分类\05_项目活动\漂流\裁切废料\090_莫干山_漂流_裁剪分割__CV006_S016__裁切废料.mp4,0.7,裁剪完成，已输出新素材；原分镜未覆盖；保留区域 y=4.9% h=57.1%（含黑边检测）,C:\Users\z\AppData\Local\Temp\scene_title_check_5rhmyk87\0370.jpg
092_莫干山_漂流_裁剪分割__CV006_S018.mp4,D:\Download\素材下载\团建视频\莫干山智能镜头分类\05_项目活动\漂流\裁切废料\092_莫干山_漂流_裁剪分割__CV006_S018__裁切废料.mp4,0.7,裁剪完成，已输出新素材；原分镜未覆盖；保留区域 y=17.9% h=59.9%（含黑边检测）,C:\Users\z\AppData\Local\Temp\scene_title_check_5rhmyk87\0372.jpg
094_莫干山_漂流_裁剪分割__CV006_S020.mp4,D:\Download\素材下载\团建视频\莫干山智能镜头分类\05_项目活动\漂流\裁切废料\094_莫干山_漂流_裁剪分割__CV006_S020__裁切废料.mp4,0.95,裁剪完成，已输出新素材；原分镜未覆盖；保留区域 y=16.0% h=62.0%（含黑边检测）,C:\Users\z\AppData\Local\Temp\scene_title_check_5rhmyk87\0374.jpg
101_莫干山_漂流_裁剪分割__CV006_S027.mp4,D:\Download\素材下载\团建视频\莫干山智能镜头分类\05_项目活动\漂流\裁切废料\101_莫干山_漂流_裁剪分割__CV006_S027__裁切废料.mp4,0.58,裁剪完成，已输出新素材；原分镜未覆盖；保留区域 y=4.2% h=57.8%（含黑边检测）,C:\Users\z\AppData\Local\Temp\scene_title_check_5rhmyk87\0381.jpg
106_莫干山_漂流_裁剪分割__CV006_S032.mp4,D:\Download\素材下载\团建视频\莫干山智能镜头分类\05_项目活动\漂流\裁切废料\106_莫干山_漂流_裁剪分割__CV006_S032__裁切废料.mp4,0.7,裁剪完成，已输出新素材；原分镜未覆盖；保留区域 y=0.0% h=62.8%（含黑边检测）,C:\Users\z\AppData\Local\Temp\scene_title_check_5rhmyk87\0386.jpg
107_莫干山_漂流_裁剪分割__CV006_S033.mp4,D:\Download\素材下载\团建视频\莫干山智能镜头分类\05_项目活动\漂流\裁切废料\107_莫干山_漂流_裁剪分割__CV006_S033__裁切废料.mp4,0.82,裁剪完成，已输出新素材；原分镜未覆盖；保留区域 y=12.2% h=49.7%（含黑边检测）,C:\Users\z\AppData\Local\Temp\scene_title_check_5rhmyk87\0387.jpg
108_莫干山_漂流_裁剪分割__CV006_S034.mp4,D:\Download\素材下载\团建视频\莫干山智能镜头分类\05_项目活动\漂流\裁切废料\108_莫干山_漂流_裁剪分割__CV006_S034__裁切废料.mp4,0.7,裁剪完成，已输出新素材；原分镜未覆盖；保留区域 y=7.0% h=55.8%（含黑边检测）,C:\Users\z\AppData\Local\Temp\scene_title_check_5rhmyk87\0388.jpg
111_莫干山_漂流_裁剪分割__CV006_S037.mp4,D:\Download\素材下载\团建视频\莫干山智能镜头分类\05_项目活动\漂流\裁切废料\111_莫干山_漂流_裁剪分割__CV006_S037__裁切废料.mp4,0.7,裁剪完成，已输出新素材；原分镜未覆盖；保留区域 y=9.5% h=52.3%（含黑边检测）,C:\Users\z\AppData\Local\Temp\scene_title_check_5rhmyk87\0391.jpg
115_莫干山_漂流_裁剪分割__CV006_S041.mp4,D:\Download\素材下载\团建视频\莫干山智能镜头分类\05_项目活动\漂流\裁切废料\115_莫干山_漂流_裁剪分割__CV006_S041__裁切废料.mp4,0.58,裁剪完成，已输出新素材；原分镜未覆盖；保留区域 y=0.0% h=62.9%（含黑边检测）,C:\Users\z\AppData\Local\Temp\scene_title_check_5rhmyk87\0395.jpg
121_莫干山_漂流_裁剪分割__CV006_S047.mp4,D:\Download\素材下载\团建视频\莫干山智能镜头分类\05_项目活动\漂流\裁切废料\121_莫干山_漂流_裁剪分割__CV006_S047__裁切废料.mp4,0.58,裁剪完成，已输出新素材；原分镜未覆盖；保留区域 y=0.0% h=63.1%（含黑边检测）,C:\Users\z\AppData\Local\Temp\scene_title_check_5rhmyk87\0401.jpg
122_莫干山_漂流_裁剪分割__CV006_S048.mp4,D:\Download\素材下载\团建视频\莫干山智能镜头分类\05_项目活动\漂流\裁切废料\122_莫干山_漂流_裁剪分割__CV006_S048__裁切废料.mp4,0.7,裁剪完成，已输出新素材；原分镜未覆盖；保留区域 y=7.3% h=55.5%（含黑边检测）,C:\Users\z\AppData\Local\Temp\scene_title_check_5rhmyk87\0402.jpg
123_莫干山_漂流_裁剪分割__CV006_S049.mp4,D:\Download\素材下载\团建视频\莫干山智能镜头分类\05_项目活动\漂流\裁切废料\123_莫干山_漂流_裁剪分割__CV006_S049__裁切废料.mp4,0.58,裁剪完成，已输出新素材；原分镜未覆盖；保留区域 y=0.0% h=62.8%（含黑边检测）,C:\Users\z\AppData\Local\Temp\scene_title_check_5rhmyk87\0403.jpg
237_莫干山_漂流_裁剪分割__CV017_S002.mp4,D:\Download\素材下载\团建视频\莫干山智能镜头分类\05_项目活动\漂流\裁切废料\237_莫干山_漂流_裁剪分割__CV017_S002__裁切废料.mp4,0.9,裁剪完成，已输出新素材；原分镜未覆盖；保留区域 y=0.0% h=63.5%（含黑边检测）,C:\Users\z\AppData\Local\Temp\scene_title_check_5rhmyk87\0408.jpg
239_莫干山_漂流_裁剪分割__CV017_S004.mp4,D:\Download\素材下载\团建视频\莫干山智能镜头分类\05_项目活动\漂流\裁切废料\239_莫干山_漂流_裁剪分割__CV017_S004__裁切废料.mp4,0.95,裁剪完成，已输出新素材；原分镜未覆盖；保留区域 y=3.8% h=67.5%（含黑边检测）,C:\Users\z\AppData\Local\Temp\scene_title_check_5rhmyk87\0410.jpg
240_莫干山_漂流_裁剪分割__CV017_S005.mp4,D:\Download\素材下载\团建视频\莫干山智能镜头分类\05_项目活动\漂流\裁切废料\240_莫干山_漂流_裁剪分割__CV017_S005__裁切废料.mp4,0.82,裁剪完成，已输出新素材；原分镜未覆盖；保留区域 y=3.8% h=71.0%（含黑边检测）,C:\Users\z\AppData\Local\Temp\scene_title_check_5rhmyk87\0411.jpg
241_莫干山_漂流_裁剪分割__CV017_S006.mp4,D:\Download\素材下载\团建视频\莫干山智能镜头分类\05_项目活动\漂流\裁切废料\241_莫干山_漂流_裁剪分割__CV017_S006__裁切废料.mp4,0.82,裁剪完成，已输出新素材；原分镜未覆盖；保留区域 y=8.0% h=54.8%（含黑边检测）,C:\Users\z\AppData\Local\Temp\scene_title_check_5rhmyk87\0412.jpg
244_莫干山_漂流_裁剪分割__CV017_S009.mp4,D:\Download\素材下载\团建视频\莫干山智能镜头分类\05_项目活动\漂流\裁切废料\244_莫干山_漂流_裁剪分割__CV017_S009__裁切废料.mp4,0.95,裁剪完成，已输出新素材；原分镜未覆盖；保留区域 y=5.6% h=69.1%（含黑边检测）,C:\Users\z\AppData\Local\Temp\scene_title_check_5rhmyk87\0415.jpg
246_莫干山_漂流_裁剪分割__CV017_S011.mp4,D:\Download\素材下载\团建视频\莫干山智能镜头分类\05_项目活动\漂流\裁切废料\246_莫干山_漂流_裁剪分割__CV017_S011__裁切废料.mp4,0.95,裁剪完成，已输出新素材；原分镜未覆盖；保留区域 y=3.2% h=63.7%（含黑边检测）,C:\Users\z\AppData\Local\Temp\scene_title_check_5rhmyk87\0417.jpg
247_莫干山_漂流_裁剪分割__CV017_S012.mp4,D:\Download\素材下载\团建视频\莫干山智能镜头分类\05_项目活动\漂流\裁切废料\247_莫干山_漂流_裁剪分割__CV017_S012__裁切废料.mp4,0.58,裁剪完成，已输出新素材；原分镜未覆盖；保留区域 y=0.0% h=78.4%（含黑边检测）,C:\Users\z\AppData\Local\Temp\scene_title_check_5rhmyk87\0418.jpg
251_莫干山_漂流_裁剪分割__CV017_S016.mp4,D:\Download\素材下载\团建视频\莫干山智能镜头分类\05_项目活动\漂流\裁切废料\251_莫干山_漂流_裁剪分割__CV017_S016__裁切废料.mp4,0.58,裁剪完成，已输出新素材；原分镜未覆盖；保留区域 y=0.0% h=62.0%（含黑边检测）,C:\Users\z\AppData\Local\Temp\scene_title_check_5rhmyk87\0422.jpg
255_莫干山_漂流_裁剪分割__CV017_S020.mp4,D:\Download\素材下载\团建视频\莫干山智能镜头分类\05_项目活动\漂流\裁切废料\255_莫干山_漂流_裁剪分割__CV017_S020__裁切废料.mp4,0.95,裁剪完成，已输出新素材；原分镜未覆盖；保留区域 y=17.9% h=60.7%（含黑边检测）,C:\Users\z\AppData\Local\Temp\scene_title_check_5rhmyk87\0426.jpg
266_莫干山_漂流_裁剪分割__CV017_S031.mp4,D:\Download\素材下载\团建视频\莫干山智能镜头分类\05_项目活动\漂流\裁切废料\266_莫干山_漂流_裁剪分割__CV017_S031__裁切废料.mp4,0.95,裁剪完成，已输出新素材；原分镜未覆盖；保留区域 y=17.9% h=60.7%（含黑边检测）,C:\Users\z\AppData\Local\Temp\scene_title_check_5rhmyk87\0437.jpg
269_莫干山_漂流_裁剪分割__CV017_S034.mp4,D:\Download\素材下载\团建视频\莫干山智能镜头分类\05_项目活动\漂流\裁切废料\269_莫干山_漂流_裁剪分割__CV017_S034__裁切废料.mp4,0.7,裁剪完成，已输出新素材；原分镜未覆盖；保留区域 y=6.2% h=56.4%（含黑边检测）,C:\Users\z\AppData\Local\Temp\scene_title_check_5rhmyk87\0440.jpg
274_莫干山_漂流_裁剪分割__CV017_S039.mp4,D:\Download\素材下载\团建视频\莫干山智能镜头分类\05_项目活动\漂流\裁切废料\274_莫干山_漂流_裁剪分割__CV017_S039__裁切废料.mp4,0.95,裁剪完成，已输出新素材；原分镜未覆盖；保留区域 y=3.6% h=69.6%（含黑边检测）,C:\Users\z\AppData\Local\Temp\scene_title_check_5rhmyk87\0445.jpg
276_莫干山_漂流_裁剪分割__CV017_S041.mp4,D:\Download\素材下载\团建视频\莫干山智能镜头分类\05_项目活动\漂流\裁切废料\276_莫干山_漂流_裁剪分割__CV017_S041__裁切废料.mp4,0.58,裁剪完成，已输出新素材；原分镜未覆盖；保留区域 y=0.0% h=62.9%（含黑边检测）,C:\Users\z\AppData\Local\Temp\scene_title_check_5rhmyk87\0447.jpg
278_莫干山_漂流_裁剪分割__CV017_S043.mp4,D:\Download\素材下载\团建视频\莫干山智能镜头分类\05_项目活动\漂流\裁切废料\278_莫干山_漂流_裁剪分割__CV017_S043__裁切废料.mp4,0.7,裁剪完成，已输出新素材；原分镜未覆盖；保留区域 y=9.5% h=53.4%（含黑边检测）,C:\Users\z\AppData\Local\Temp\scene_title_check_5rhmyk87\0449.jpg
279_莫干山_漂流_裁剪分割__CV017_S044.mp4,D:\Download\素材下载\团建视频\莫干山智能镜头分类\05_项目活动\漂流\裁切废料\279_莫干山_漂流_裁剪分割__CV017_S044__裁切废料.mp4,0.7,裁剪完成，已输出新素材；原分镜未覆盖；保留区域 y=17.2% h=45.0%（含黑边检测）,C:\Users\z\AppData\Local\Temp\scene_title_check_5rhmyk87\0450.jpg
283_莫干山_漂流_裁剪分割__CV017_S048.mp4,D:\Download\素材下载\团建视频\莫干山智能镜头分类\05_项目活动\漂流\裁切废料\283_莫干山_漂流_裁剪分割__CV017_S048__裁切废料.mp4,0.95,裁剪完成，已输出新素材；原分镜未覆盖；保留区域 y=6.2% h=56.6%（含黑边检测）,C:\Users\z\AppData\Local\Temp\scene_title_check_5rhmyk87\0454.jpg
290_莫干山_漂流_裁剪分割__CV022_S002.mp4,D:\Download\素材下载\团建视频\莫干山智能镜头分类\05_项目活动\漂流\裁切废料\290_莫干山_漂流_裁剪分割__CV022_S002__裁切废料.mp4,0.58,裁剪完成，已输出新素材；原分镜未覆盖；保留区域 y=0.0% h=72.3%（含黑边检测）,C:\Users\z\AppData\Local\Temp\scene_title_check_5rhmyk87\0461.jpg
292_莫干山_漂流_裁剪分割__CV022_S004.mp4,D:\Download\素材下载\团建视频\莫干山智能镜头分类\05_项目活动\漂流\裁切废料\292_莫干山_漂流_裁剪分割__CV022_S004__裁切废料.mp4,0.58,裁剪完成，已输出新素材；原分镜未覆盖；保留区域 y=0.0% h=72.6%（含黑边检测）,C:\Users\z\AppData\Local\Temp\scene_title_check_5rhmyk87\0463.jpg
294_莫干山_漂流_裁剪分割__CV022_S006.mp4,D:\Download\素材下载\团建视频\莫干山智能镜头分类\05_项目活动\漂流\裁切废料\294_莫干山_漂流_裁剪分割__CV022_S006__裁切废料.mp4,0.58,裁剪完成，已输出新素材；原分镜未覆盖；保留区域 y=0.0% h=72.7%（含黑边检测）,C:\Users\z\AppData\Local\Temp\scene_title_check_5rhmyk87\0465.jpg
295_莫干山_漂流_裁剪分割__CV022_S007.mp4,D:\Download\素材下载\团建视频\莫干山智能镜头分类\05_项目活动\漂流\裁切废料\295_莫干山_漂流_裁剪分割__CV022_S007__裁切废料.mp4,0.86,裁剪完成，已输出新素材；原分镜未覆盖；保留区域 y=17.9% h=54.5%（含黑边检测）,C:\Users\z\AppData\Local\Temp\scene_title_check_5rhmyk87\0466.jpg
297_莫干山_漂流_裁剪分割__CV022_S009.mp4,D:\Download\素材下载\团建视频\莫干山智能镜头分类\05_项目活动\漂流\裁切废料\297_莫干山_漂流_裁剪分割__CV022_S009__裁切废料.mp4,0.7,裁剪完成，已输出新素材；原分镜未覆盖；保留区域 y=7.8% h=71.1%（含黑边检测）,C:\Users\z\AppData\Local\Temp\scene_title_check_5rhmyk87\0468.jpg
298_莫干山_漂流_裁剪分割__CV022_S010.mp4,D:\Download\素材下载\团建视频\莫干山智能镜头分类\05_项目活动\漂流\裁切废料\298_莫干山_漂流_裁剪分割__CV022_S010__裁切废料.mp4,0.74,裁剪完成，已输出新素材；原分镜未覆盖；保留区域 y=0.0% h=73.0%（含黑边检测）,C:\Users\z\AppData\Local\Temp\scene_title_check_5rhmyk87\0469.jpg
300_莫干山_漂流_裁剪分割__CV022_S012.mp4,D:\Download\素材下载\团建视频\莫干山智能镜头分类\05_项目活动\漂流\裁切废料\300_莫干山_漂流_裁剪分割__CV022_S012__裁切废料.mp4,0.7,裁剪完成，已输出新素材；原分镜未覆盖；保留区域 y=17.9% h=55.4%（含黑边检测）,C:\Users\z\AppData\Local\Temp\scene_title_check_5rhmyk87\0471.jpg
301_莫干山_漂流_裁剪分割__CV022_S013.mp4,D:\Download\素材下载\团建视频\莫干山智能镜头分类\05_项目活动\漂流\裁切废料\301_莫干山_漂流_裁剪分割__CV022_S013__裁切废料.mp4,0.7,裁剪完成，已输出新素材；原分镜未覆盖；保留区域 y=5.1% h=56.9%（含黑边检测）,C:\Users\z\AppData\Local\Temp\scene_title_check_5rhmyk87\0472.jpg
306_莫干山_漂流_裁剪分割__CV022_S018.mp4,D:\Download\素材下载\团建视频\莫干山智能镜头分类\05_项目活动\漂流\裁切废料\306_莫干山_漂流_裁剪分割__CV022_S018__裁切废料.mp4,0.58,裁剪完成，已输出新素材；原分镜未覆盖；保留区域 y=0.0% h=80.7%（含黑边检测）,C:\Users\z\AppData\Local\Temp\scene_title_check_5rhmyk87\0477.jpg
310_莫干山_漂流_裁剪分割__CV022_S022.mp4,D:\Download\素材下载\团建视频\莫干山智能镜头分类\05_项目活动\漂流\裁切废料\310_莫干山_漂流_裁剪分割__CV022_S022__裁切废料.mp4,0.58,裁剪完成，已输出新素材；原分镜未覆盖；保留区域 y=0.0% h=73.0%（含黑边检测）,C:\Users\z\AppData\Local\Temp\scene_title_check_5rhmyk87\0481.jpg
314_莫干山_漂流_裁剪分割__CV022_S026.mp4,D:\Download\素材下载\团建视频\莫干山智能镜头分类\05_项目活动\漂流\裁切废料\314_莫干山_漂流_裁剪分割__CV022_S026__裁切废料.mp4,0.7,裁剪完成，已输出新素材；原分镜未覆盖；保留区域 y=4.1% h=68.6%（含黑边检测）,C:\Users\z\AppData\Local\Temp\scene_title_check_5rhmyk87\0485.jpg
316_莫干山_漂流_裁剪分割__CV022_S028.mp4,D:\Download\素材下载\团建视频\莫干山智能镜头分类\05_项目活动\漂流\裁切废料\316_莫干山_漂流_裁剪分割__CV022_S028__裁切废料.mp4,0.86,裁剪完成，已输出新素材；原分镜未覆盖；保留区域 y=17.9% h=55.4%（含黑边检测）,C:\Users\z\AppData\Local\Temp\scene_title_check_5rhmyk87\0487.jpg
318_莫干山_漂流_裁剪分割__CV022_S030.mp4,D:\Download\素材下载\团建视频\莫干山智能镜头分类\05_项目活动\漂流\裁切废料\318_莫干山_漂流_裁剪分割__CV022_S030__裁切废料.mp4,0.82,裁剪完成，已输出新素材；原分镜未覆盖；保留区域 y=17.6% h=55.5%（含黑边检测）,C:\Users\z\AppData\Local\Temp\scene_title_check_5rhmyk87\0489.jpg
320_莫干山_漂流_裁剪分割__CV022_S032.mp4,D:\Download\素材下载\团建视频\莫干山智能镜头分类\05_项目活动\漂流\裁切废料\320_莫干山_漂流_裁剪分割__CV022_S032__裁切废料.mp4,0.86,裁剪完成，已输出新素材；原分镜未覆盖；保留区域 y=16.1% h=64.3%（含黑边检测）,C:\Users\z\AppData\Local\Temp\scene_title_check_5rhmyk87\0491.jpg
321_莫干山_漂流_裁剪分割__CV022_S033.mp4,D:\Download\素材下载\团建视频\莫干山智能镜头分类\05_项目活动\漂流\裁切废料\321_莫干山_漂流_裁剪分割__CV022_S033__裁切废料.mp4,0.7,裁剪完成，已输出新素材；原分镜未覆盖；保留区域 y=17.9% h=55.1%（含黑边检测）,C:\Users\z\AppData\Local\Temp\scene_title_check_5rhmyk87\0492.jpg
324_莫干山_漂流_裁剪分割__CV022_S036.mp4,D:\Download\素材下载\团建视频\莫干山智能镜头分类\05_项目活动\漂流\裁切废料\324_莫干山_漂流_裁剪分割__CV022_S036__裁切废料.mp4,0.7,裁剪完成，已输出新素材；原分镜未覆盖；保留区域 y=10.9% h=51.2%（含黑边检测）,C:\Users\z\AppData\Local\Temp\scene_title_check_5rhmyk87\0495.jpg
325_莫干山_漂流_裁剪分割__CV022_S037.mp4,D:\Download\素材下载\团建视频\莫干山智能镜头分类\05_项目活动\漂流\裁切废料\325_莫干山_漂流_裁剪分割__CV022_S037__裁切废料.mp4,0.58,裁剪完成，已输出新素材；原分镜未覆盖；保留区域 y=0.0% h=73.0%（含黑边检测）,C:\Users\z\AppData\Local\Temp\scene_title_check_5rhmyk87\0496.jpg
328_莫干山_漂流_裁剪分割__CV022_S040.mp4,D:\Download\素材下载\团建视频\莫干山智能镜头分类\05_项目活动\漂流\裁切废料\328_莫干山_漂流_裁剪分割__CV022_S040__裁切废料.mp4,0.74,裁剪完成，已输出新素材；原分镜未覆盖；保留区域 y=18.0% h=45.0%（含黑边检测）,C:\Users\z\AppData\Local\Temp\scene_title_check_5rhmyk87\0499.jpg
329_莫干山_漂流_裁剪分割__CV022_S041.mp4,D:\Download\素材下载\团建视频\莫干山智能镜头分类\05_项目活动\漂流\裁切废料\329_莫干山_漂流_裁剪分割__CV022_S041__裁切废料.mp4,0.86,裁剪完成，已输出新素材；原分镜未覆盖；保留区域 y=17.9% h=61.7%（含黑边检测）,C:\Users\z\AppData\Local\Temp\scene_title_check_5rhmyk87\0500.jpg
003_莫干山_茶山越野车__S_V001_S017.mp4,D:\Download\素材下载\团建视频\莫干山智能镜头分类\05_项目活动\茶山越野车\裁切废料\003_莫干山_茶山越野车__S_V001_S017__裁切废料.mp4,0.74,裁剪完成，已输出新素材；原分镜未覆盖；保留区域 y=0.0% h=79.6%（含黑边检测）,C:\Users\z\AppData\Local\Temp\scene_title_check_5rhmyk87\0506.jpg
004_莫干山_茶山越野车__S_V005_S021.mp4,D:\Download\素材下载\团建视频\莫干山智能镜头分类\05_项目活动\茶山越野车\裁切废料\004_莫干山_茶山越野车__S_V005_S021__裁切废料.mp4,0.86,裁剪完成，已输出新素材；原分镜未覆盖；保留区域 y=3.8% h=71.5%（含黑边检测）,C:\Users\z\AppData\Local\Temp\scene_title_check_5rhmyk87\0507.jpg
009_莫干山_高山滑道__S_V021_S004.mp4,D:\Download\素材下载\团建视频\莫干山智能镜头分类\05_项目活动\高山滑道\裁切废料\009_莫干山_高山滑道__S_V021_S004__裁切废料.mp4,0.58,裁剪完成，已输出新素材；原分镜未覆盖；保留区域 y=15.4% h=46.6%（含黑边检测）,C:\Users\z\AppData\Local\Temp\scene_title_check_5rhmyk87\0513.jpg
001_莫干山_高空滑索__S_V001_S005.mp4,D:\Download\素材下载\团建视频\莫干山智能镜头分类\05_项目活动\高空滑索\裁切废料\001_莫干山_高空滑索__S_V001_S005__裁切废料.mp4,0.7,裁剪完成，已输出新素材；原分镜未覆盖；保留区域 y=17.9% h=46.4%（含黑边检测）,C:\Users\z\AppData\Local\Temp\scene_title_check_5rhmyk87\0518.jpg
004_莫干山_麻将__A_V016_S044.mp4,D:\Download\素材下载\团建视频\莫干山智能镜头分类\05_项目活动\麻将\裁切废料\004_莫干山_麻将__A_V016_S044__裁切废料.mp4,0.58,裁剪完成，已输出新素材；原分镜未覆盖；保留区域 y=0.0% h=72.1%（含黑边检测）,C:\Users\z\AppData\Local\Temp\scene_title_check_5rhmyk87\0521.jpg
002_莫干山_加油欢呼互动__S_V021_S002.mp4,D:\Download\素材下载\团建视频\莫干山智能镜头分类\06_团队互动\加油欢呼互动\裁切废料\002_莫干山_加油欢呼互动__S_V021_S002__裁切废料.mp4,0.58,裁剪完成，已输出新素材；原分镜未覆盖；保留区域 y=0.0% h=79.6%（含黑边检测）,C:\Users\z\AppData\Local\Temp\scene_title_check_5rhmyk87\0522.jpg
001_莫干山_团队合照__S_V001_S008.mp4,D:\Download\素材下载\团建视频\莫干山智能镜头分类\06_团队互动\团队合照\裁切废料\001_莫干山_团队合照__S_V001_S008__裁切废料.mp4,0.74,裁剪完成，已输出新素材；原分镜未覆盖；保留区域 y=0.0% h=63.9%（含黑边检测）,C:\Users\z\AppData\Local\Temp\scene_title_check_5rhmyk87\0524.jpg
004_莫干山_团队游戏挑战__S_V006_S020.mp4,D:\Download\素材下载\团建视频\莫干山智能镜头分类\06_团队互动\团队游戏挑战\裁切废料\004_莫干山_团队游戏挑战__S_V006_S020__裁切废料.mp4,0.7,裁剪完成，已输出新素材；原分镜未覆盖；保留区域 y=0.0% h=74.5%（含黑边检测）,C:\Users\z\AppData\Local\Temp\scene_title_check_5rhmyk87\0528.jpg
006_莫干山_团队游戏挑战__S_V013_S011.mp4,D:\Download\素材下载\团建视频\莫干山智能镜头分类\06_团队互动\团队游戏挑战\裁切废料\006_莫干山_团队游戏挑战__S_V013_S011__裁切废料.mp4,0.74,裁剪完成，已输出新素材；原分镜未覆盖；保留区域 y=0.0% h=69.3%（含黑边检测）,C:\Users\z\AppData\Local\Temp\scene_title_check_5rhmyk87\0529.jpg
016_莫干山_团队游戏挑战__S_V021_S022_待人工确认.mp4,D:\Download\素材下载\团建视频\莫干山智能镜头分类\06_团队互动\团队游戏挑战\裁切废料\016_莫干山_团队游戏挑战__S_V021_S022_待人工确认__裁切废料.mp4,0.58,裁剪完成，已输出新素材；原分镜未覆盖；保留区域 y=0.0% h=75.2%（含黑边检测）,C:\Users\z\AppData\Local\Temp\scene_title_check_5rhmyk87\0530.jpg
020_莫干山_团队游戏挑战__S_V023_S016.mp4,D:\Download\素材下载\团建视频\莫干山智能镜头分类\06_团队互动\团队游戏挑战\裁切废料\020_莫干山_团队游戏挑战__S_V023_S016__裁切废料.mp4,0.74,裁剪完成，已输出新素材；原分镜未覆盖；保留区域 y=0.0% h=74.2%（含黑边检测）,C:\Users\z\AppData\Local\Temp\scene_title_check_5rhmyk87\0532.jpg
003_莫干山_草坪团建游戏__S_V023_S015.mp4,D:\Download\素材下载\团建视频\莫干山智能镜头分类\06_团队互动\草坪团建游戏\裁切废料\003_莫干山_草坪团建游戏__S_V023_S015__裁切废料.mp4,0.58,裁剪完成，已输出新素材；原分镜未覆盖；保留区域 y=0.0% h=72.4%（含黑边检测）,C:\Users\z\AppData\Local\Temp\scene_title_check_5rhmyk87\0535.jpg
129_莫干山_烧烤露营夜场_裁剪分割__CV008_S006.mp4,D:\Download\素材下载\团建视频\莫干山智能镜头分类\07_烧烤露营夜场\裁切废料\129_莫干山_烧烤露营夜场_裁剪分割__CV008_S006__裁切废料.mp4,0.7,裁剪完成，已输出新素材；原分镜未覆盖；保留区域 y=12.4% h=62.0%（含黑边检测）,C:\Users\z\AppData\Local\Temp\scene_title_check_5rhmyk87\0538.jpg
130_莫干山_烧烤露营夜场_裁剪分割__CV008_S007.mp4,D:\Download\素材下载\团建视频\莫干山智能镜头分类\07_烧烤露营夜场\裁切废料\130_莫干山_烧烤露营夜场_裁剪分割__CV008_S007__裁切废料.mp4,0.58,裁剪完成，已输出新素材；原分镜未覆盖；保留区域 y=0.0% h=80.9%（含黑边检测）,C:\Users\z\AppData\Local\Temp\scene_title_check_5rhmyk87\0539.jpg
133_莫干山_烧烤露营夜场_裁剪分割__CV008_S010.mp4,D:\Download\素材下载\团建视频\莫干山智能镜头分类\07_烧烤露营夜场\裁切废料\133_莫干山_烧烤露营夜场_裁剪分割__CV008_S010__裁切废料.mp4,0.86,裁剪完成，已输出新素材；原分镜未覆盖；保留区域 y=6.4% h=67.8%（含黑边检测）,C:\Users\z\AppData\Local\Temp\scene_title_check_5rhmyk87\0542.jpg
135_莫干山_烧烤露营夜场_裁剪分割__CV008_S012.mp4,D:\Download\素材下载\团建视频\莫干山智能镜头分类\07_烧烤露营夜场\裁切废料\135_莫干山_烧烤露营夜场_裁剪分割__CV008_S012__裁切废料.mp4,0.7,裁剪完成，已输出新素材；原分镜未覆盖；保留区域 y=6.2% h=67.8%（含黑边检测）,C:\Users\z\AppData\Local\Temp\scene_title_check_5rhmyk87\0544.jpg
138_莫干山_烧烤露营夜场_裁剪分割__CV008_S015.mp4,D:\Download\素材下载\团建视频\莫干山智能镜头分类\07_烧烤露营夜场\裁切废料\138_莫干山_烧烤露营夜场_裁剪分割__CV008_S015__裁切废料.mp4,0.86,裁剪完成，已输出新素材；原分镜未覆盖；保留区域 y=15.7% h=58.5%（含黑边检测）,C:\Users\z\AppData\Local\Temp\scene_title_check_5rhmyk87\0547.jpg
139_莫干山_烧烤露营夜场_裁剪分割__CV008_S016.mp4,D:\Download\素材下载\团建视频\莫干山智能镜头分类\07_烧烤露营夜场\裁切废料\139_莫干山_烧烤露营夜场_裁剪分割__CV008_S016__裁切废料.mp4,0.74,裁剪完成，已输出新素材；原分镜未覆盖；保留区域 y=0.0% h=74.3%（含黑边检测）,C:\Users\z\AppData\Local\Temp\scene_title_check_5rhmyk87\0548.jpg
140_莫干山_烧烤露营夜场_裁剪分割__CV008_S017.mp4,D:\Download\素材下载\团建视频\莫干山智能镜头分类\07_烧烤露营夜场\裁切废料\140_莫干山_烧烤露营夜场_裁剪分割__CV008_S017__裁切废料.mp4,0.7,裁剪完成，已输出新素材；原分镜未覆盖；保留区域 y=6.7% h=66.9%（含黑边检测）,C:\Users\z\AppData\Local\Temp\scene_title_check_5rhmyk87\0549.jpg
141_莫干山_烧烤露营夜场_裁剪分割__CV008_S018.mp4,D:\Download\素材下载\团建视频\莫干山智能镜头分类\07_烧烤露营夜场\裁切废料\141_莫干山_烧烤露营夜场_裁剪分割__CV008_S018__裁切废料.mp4,0.86,裁剪完成，已输出新素材；原分镜未覆盖；保留区域 y=9.2% h=62.7%（含黑边检测）,C:\Users\z\AppData\Local\Temp\scene_title_check_5rhmyk87\0550.jpg
142_莫干山_烧烤露营夜场_裁剪分割__CV008_S019.mp4,D:\Download\素材下载\团建视频\莫干山智能镜头分类\07_烧烤露营夜场\裁切废料\142_莫干山_烧烤露营夜场_裁剪分割__CV008_S019__裁切废料.mp4,0.95,裁剪完成，已输出新素材；原分镜未覆盖；保留区域 y=17.9% h=56.3%（含黑边检测）,C:\Users\z\AppData\Local\Temp\scene_title_check_5rhmyk87\0551.jpg
001_莫干山_夜间娱乐__A_V001_S039.mp4,D:\Download\素材下载\团建视频\莫干山智能镜头分类\07_烧烤露营夜场\夜间娱乐\裁切废料\001_莫干山_夜间娱乐__A_V001_S039__裁切废料.mp4,0.86,裁剪完成，已输出新素材；原分镜未覆盖；保留区域 y=18.0% h=63.3%（含黑边检测）,C:\Users\z\AppData\Local\Temp\scene_title_check_5rhmyk87\0557.jpg
004_莫干山_夜间娱乐__S_V007_S006.mp4,D:\Download\素材下载\团建视频\莫干山智能镜头分类\07_烧烤露营夜场\夜间娱乐\裁切废料\004_莫干山_夜间娱乐__S_V007_S006__裁切废料.mp4,0.7,裁剪完成，已输出新素材；原分镜未覆盖；保留区域 y=6.7% h=58.0%（含黑边检测）,C:\Users\z\AppData\Local\Temp\scene_title_check_5rhmyk87\0559.jpg
005_莫干山_夜间娱乐__S_V007_S013.mp4,D:\Download\素材下载\团建视频\莫干山智能镜头分类\07_烧烤露营夜场\夜间娱乐\裁切废料\005_莫干山_夜间娱乐__S_V007_S013__裁切废料.mp4,0.58,裁剪完成，已输出新素材；原分镜未覆盖；保留区域 y=0.0% h=72.5%（含黑边检测）,C:\Users\z\AppData\Local\Temp\scene_title_check_5rhmyk87\0560.jpg
009_莫干山_夜间娱乐__S_V013_S001.mp4,D:\Download\素材下载\团建视频\莫干山智能镜头分类\07_烧烤露营夜场\夜间娱乐\裁切废料\009_莫干山_夜间娱乐__S_V013_S001__裁切废料.mp4,0.86,裁剪完成，已输出新素材；原分镜未覆盖；保留区域 y=17.9% h=56.6%（含黑边检测）,C:\Users\z\AppData\Local\Temp\scene_title_check_5rhmyk87\0561.jpg
011_莫干山_夜间娱乐__S_V013_S016.mp4,D:\Download\素材下载\团建视频\莫干山智能镜头分类\07_烧烤露营夜场\夜间娱乐\裁切废料\011_莫干山_夜间娱乐__S_V013_S016__裁切废料.mp4,0.86,裁剪完成，已输出新素材；原分镜未覆盖；保留区域 y=9.7% h=53.9%（含黑边检测）,C:\Users\z\AppData\Local\Temp\scene_title_check_5rhmyk87\0562.jpg
013_莫干山_夜间娱乐__A_V021_S029.mp4,D:\Download\素材下载\团建视频\莫干山智能镜头分类\07_烧烤露营夜场\夜间娱乐\裁切废料\013_莫干山_夜间娱乐__A_V021_S029__裁切废料.mp4,0.82,裁剪完成，已输出新素材；原分镜未覆盖；保留区域 y=4.9% h=72.6%（含黑边检测）,C:\Users\z\AppData\Local\Temp\scene_title_check_5rhmyk87\0563.jpg
001_莫干山_烧烤__S_V001_S019.mp4,D:\Download\素材下载\团建视频\莫干山智能镜头分类\07_烧烤露营夜场\烧烤\裁切废料\001_莫干山_烧烤__S_V001_S019__裁切废料.mp4,0.58,裁剪完成，已输出新素材；原分镜未覆盖；保留区域 y=0.0% h=77.1%（含黑边检测）,C:\Users\z\AppData\Local\Temp\scene_title_check_5rhmyk87\0569.jpg
005_莫干山_烧烤__S_V005_S029.mp4,D:\Download\素材下载\团建视频\莫干山智能镜头分类\07_烧烤露营夜场\烧烤\裁切废料\005_莫干山_烧烤__S_V005_S029__裁切废料.mp4,0.86,裁剪完成，已输出新素材；原分镜未覆盖；保留区域 y=17.9% h=59.6%（含黑边检测）,C:\Users\z\AppData\Local\Temp\scene_title_check_5rhmyk87\0571.jpg
006_莫干山_烧烤__S_V005_S030.mp4,D:\Download\素材下载\团建视频\莫干山智能镜头分类\07_烧烤露营夜场\烧烤\裁切废料\006_莫干山_烧烤__S_V005_S030__裁切废料.mp4,0.7,裁剪完成，已输出新素材；原分镜未覆盖；保留区域 y=6.3% h=74.4%（含黑边检测）,C:\Users\z\AppData\Local\Temp\scene_title_check_5rhmyk87\0572.jpg
011_莫干山_烧烤__S_V013_S014.mp4,D:\Download\素材下载\团建视频\莫干山智能镜头分类\07_烧烤露营夜场\烧烤\裁切废料\011_莫干山_烧烤__S_V013_S014__裁切废料.mp4,0.74,裁剪完成，已输出新素材；原分镜未覆盖；保留区域 y=15.1% h=64.8%（含黑边检测）,C:\Users\z\AppData\Local\Temp\scene_title_check_5rhmyk87\0575.jpg
017_莫干山_烧烤__S_V021_S026.mp4,D:\Download\素材下载\团建视频\莫干山智能镜头分类\07_烧烤露营夜场\烧烤\裁切废料\017_莫干山_烧烤__S_V021_S026__裁切废料.mp4,0.7,裁剪完成，已输出新素材；原分镜未覆盖；保留区域 y=14.9% h=47.1%（含黑边检测）,C:\Users\z\AppData\Local\Temp\scene_title_check_5rhmyk87\0579.jpg
019_莫干山_烧烤__S_V023_S025.mp4,D:\Download\素材下载\团建视频\莫干山智能镜头分类\07_烧烤露营夜场\烧烤\裁切废料\019_莫干山_烧烤__S_V023_S025__裁切废料.mp4,0.7,裁剪完成，已输出新素材；原分镜未覆盖；保留区域 y=6.3% h=68.7%（含黑边检测）,C:\Users\z\AppData\Local\Temp\scene_title_check_5rhmyk87\0580.jpg
001_莫干山_篝火__A_V001_S003.mp4,D:\Download\素材下载\团建视频\莫干山智能镜头分类\07_烧烤露营夜场\篝火\裁切废料\001_莫干山_篝火__A_V001_S003__裁切废料.mp4,0.82,裁剪完成，已输出新素材；原分镜未覆盖；保留区域 y=4.2% h=73.0%（含黑边检测）,C:\Users\z\AppData\Local\Temp\scene_title_check_5rhmyk87\0582.jpg
013_莫干山_篝火__S_V021_S041.mp4,D:\Download\素材下载\团建视频\莫干山智能镜头分类\07_烧烤露营夜场\篝火\裁切废料\013_莫干山_篝火__S_V021_S041__裁切废料.mp4,0.74,裁剪完成，已输出新素材；原分镜未覆盖；保留区域 y=0.0% h=76.3%（含黑边检测）,C:\Users\z\AppData\Local\Temp\scene_title_check_5rhmyk87\0587.jpg
005_莫干山_露营__S_V016_S031.mp4,D:\Download\素材下载\团建视频\莫干山智能镜头分类\07_烧烤露营夜场\露营\裁切废料\005_莫干山_露营__S_V016_S031__裁切废料.mp4,0.9,裁剪完成，已输出新素材；原分镜未覆盖；保留区域 y=0.0% h=79.3%（含黑边检测）,C:\Users\z\AppData\Local\Temp\scene_title_check_5rhmyk87\0590.jpg
009_莫干山_露营__S_V021_S008.mp4,D:\Download\素材下载\团建视频\莫干山智能镜头分类\07_烧烤露营夜场\露营\裁切废料\009_莫干山_露营__S_V021_S008__裁切废料.mp4,0.74,裁剪完成，已输出新素材；原分镜未覆盖；保留区域 y=0.0% h=79.6%（含黑边检测）,C:\Users\z\AppData\Local\Temp\scene_title_check_5rhmyk87\0591.jpg
011_莫干山_露营__S_V023_S020.mp4,D:\Download\素材下载\团建视频\莫干山智能镜头分类\07_烧烤露营夜场\露营\裁切废料\011_莫干山_露营__S_V023_S020__裁切废料.mp4,0.74,裁剪完成，已输出新素材；原分镜未覆盖；保留区域 y=0.0% h=77.2%（含黑边检测）,C:\Users\z\AppData\Local\Temp\scene_title_check_5rhmyk87\0593.jpg
005_莫干山_露营吃东西__S_V007_S007.mp4,D:\Download\素材下载\团建视频\莫干山智能镜头分类\07_烧烤露营夜场\露营吃东西\裁切废料\005_莫干山_露营吃东西__S_V007_S007__裁切废料.mp4,0.82,裁剪完成，已输出新素材；原分镜未覆盖；保留区域 y=4.2% h=69.8%（含黑边检测）,C:\Users\z\AppData\Local\Temp\scene_title_check_5rhmyk87\0598.jpg
003_莫干山_图文海报__S_V009_S003.mp4,D:\Download\素材下载\团建视频\莫干山智能镜头分类\90_待人工分类\图文海报\裁切废料\003_莫干山_图文海报__S_V009_S003__裁切废料.mp4,0.95,裁剪完成，已输出新素材；原分镜未覆盖；保留区域 y=15.6% h=57.7%（含黑边检测）,C:\Users\z\AppData\Local\Temp\scene_title_check_5rhmyk87\0603.jpg
006_莫干山_图文海报__S_V009_S006.mp4,D:\Download\素材下载\团建视频\莫干山智能镜头分类\90_待人工分类\图文海报\裁切废料\006_莫干山_图文海报__S_V009_S006__裁切废料.mp4,0.95,裁剪完成，已输出新素材；原分镜未覆盖；保留区域 y=15.6% h=56.6%（含黑边检测）,C:\Users\z\AppData\Local\Temp\scene_title_check_5rhmyk87\0606.jpg
017_莫干山_图文海报__S_V012_S002.mp4,D:\Download\素材下载\团建视频\莫干山智能镜头分类\90_待人工分类\图文海报\裁切废料\017_莫干山_图文海报__S_V012_S002__裁切废料.mp4,0.86,裁剪完成，已输出新素材；原分镜未覆盖；保留区域 y=0.0% h=75.4%（含黑边检测）,C:\Users\z\AppData\Local\Temp\scene_title_check_5rhmyk87\0614.jpg
010_莫干山_方案讲解__S_V004_S010.mp4,D:\Download\素材下载\团建视频\莫干山智能镜头分类\90_待人工分类\方案讲解\裁切废料\010_莫干山_方案讲解__S_V004_S010__裁切废料.mp4,0.95,裁剪完成，已输出新素材；原分镜未覆盖；保留区域 y=18.0% h=60.5%（含黑边检测）,C:\Users\z\AppData\Local\Temp\scene_title_check_5rhmyk87\0615.jpg
013_莫干山_方案讲解__S_V004_S017.mp4,D:\Download\素材下载\团建视频\莫干山智能镜头分类\90_待人工分类\方案讲解\裁切废料\013_莫干山_方案讲解__S_V004_S017__裁切废料.mp4,0.7,裁剪完成，已输出新素材；原分镜未覆盖；保留区域 y=5.8% h=62.0%（含黑边检测）,C:\Users\z\AppData\Local\Temp\scene_title_check_5rhmyk87\0617.jpg
014_莫干山_方案讲解__S_V004_S018.mp4,D:\Download\素材下载\团建视频\莫干山智能镜头分类\90_待人工分类\方案讲解\裁切废料\014_莫干山_方案讲解__S_V004_S018__裁切废料.mp4,0.7,裁剪完成，已输出新素材；原分镜未覆盖；保留区域 y=6.5% h=55.5%（含黑边检测）,C:\Users\z\AppData\Local\Temp\scene_title_check_5rhmyk87\0618.jpg
016_莫干山_方案讲解__S_V004_S020.mp4,D:\Download\素材下载\团建视频\莫干山智能镜头分类\90_待人工分类\方案讲解\裁切废料\016_莫干山_方案讲解__S_V004_S020__裁切废料.mp4,0.7,裁剪完成，已输出新素材；原分镜未覆盖；保留区域 y=6.7% h=70.5%（含黑边检测）,C:\Users\z\AppData\Local\Temp\scene_title_check_5rhmyk87\0620.jpg
021_莫干山_方案讲解__S_V004_S025.mp4,D:\Download\素材下载\团建视频\莫干山智能镜头分类\90_待人工分类\方案讲解\裁切废料\021_莫干山_方案讲解__S_V004_S025__裁切废料.mp4,0.86,裁剪完成，已输出新素材；原分镜未覆盖；保留区域 y=7.3% h=65.8%（含黑边检测）,C:\Users\z\AppData\Local\Temp\scene_title_check_5rhmyk87\0622.jpg
025_莫干山_方案讲解__S_V004_S029.mp4,D:\Download\素材下载\团建视频\莫干山智能镜头分类\90_待人工分类\方案讲解\裁切废料\025_莫干山_方案讲解__S_V004_S029__裁切废料.mp4,0.86,裁剪完成，已输出新素材；原分镜未覆盖；保留区域 y=5.7% h=72.8%（含黑边检测）,C:\Users\z\AppData\Local\Temp\scene_title_check_5rhmyk87\0626.jpg
030_莫干山_方案讲解__S_V004_S034.mp4,D:\Download\素材下载\团建视频\莫干山智能镜头分类\90_待人工分类\方案讲解\裁切废料\030_莫干山_方案讲解__S_V004_S034__裁切废料.mp4,0.7,裁剪完成，已输出新素材；原分镜未覆盖；保留区域 y=5.9% h=71.3%（含黑边检测）,C:\Users\z\AppData\Local\Temp\scene_title_check_5rhmyk87\0627.jpg
001_莫干山_待人工分类_裁剪分割__CV002_S001.mp4,D:\Download\素材下载\团建视频\莫干山智能镜头分类\90_待人工分类\裁剪分割待复核\裁切废料\001_莫干山_待人工分类_裁剪分割__CV002_S001__裁切废料.mp4,0.58,裁剪完成，已输出新素材；原分镜未覆盖；保留区域 y=0.0% h=62.0%（含黑边检测）,C:\Users\z\AppData\Local\Temp\scene_title_check_5rhmyk87\0629.jpg
003_莫干山_待人工分类_裁剪分割__CV002_S003.mp4,D:\Download\素材下载\团建视频\莫干山智能镜头分类\90_待人工分类\裁剪分割待复核\裁切废料\003_莫干山_待人工分类_裁剪分割__CV002_S003__裁切废料.mp4,0.82,裁剪完成，已输出新素材；原分镜未覆盖；保留区域 y=4.1% h=69.5%（含黑边检测）,C:\Users\z\AppData\Local\Temp\scene_title_check_5rhmyk87\0631.jpg
007_莫干山_待人工分类_裁剪分割__CV002_S007.mp4,D:\Download\素材下载\团建视频\莫干山智能镜头分类\90_待人工分类\裁剪分割待复核\裁切废料\007_莫干山_待人工分类_裁剪分割__CV002_S007__裁切废料.mp4,0.86,裁剪完成，已输出新素材；原分镜未覆盖；保留区域 y=18.0% h=45.0%（含黑边检测）,C:\Users\z\AppData\Local\Temp\scene_title_check_5rhmyk87\0635.jpg
009_莫干山_待人工分类_裁剪分割__CV002_S009.mp4,D:\Download\素材下载\团建视频\莫干山智能镜头分类\90_待人工分类\裁剪分割待复核\裁切废料\009_莫干山_待人工分类_裁剪分割__CV002_S009__裁切废料.mp4,0.95,裁剪完成，已输出新素材；原分镜未覆盖；保留区域 y=6.2% h=64.2%（含黑边检测）,C:\Users\z\AppData\Local\Temp\scene_title_check_5rhmyk87\0637.jpg
016_莫干山_待人工分类_裁剪分割__CV002_S016.mp4,D:\Download\素材下载\团建视频\莫干山智能镜头分类\90_待人工分类\裁剪分割待复核\裁切废料\016_莫干山_待人工分类_裁剪分割__CV002_S016__裁切废料.mp4,0.58,裁剪完成，已输出新素材；原分镜未覆盖；保留区域 y=0.0% h=62.0%（含黑边检测）,C:\Users\z\AppData\Local\Temp\scene_title_check_5rhmyk87\0643.jpg
019_莫干山_待人工分类_裁剪分割__CV002_S019.mp4,D:\Download\素材下载\团建视频\莫干山智能镜头分类\90_待人工分类\裁剪分割待复核\裁切废料\019_莫干山_待人工分类_裁剪分割__CV002_S019__裁切废料.mp4,0.58,裁剪完成，已输出新素材；原分镜未覆盖；保留区域 y=0.0% h=66.8%（含黑边检测）,C:\Users\z\AppData\Local\Temp\scene_title_check_5rhmyk87\0646.jpg
025_莫干山_待人工分类_裁剪分割__CV002_S025.mp4,D:\Download\素材下载\团建视频\莫干山智能镜头分类\90_待人工分类\裁剪分割待复核\裁切废料\025_莫干山_待人工分类_裁剪分割__CV002_S025__裁切废料.mp4,0.74,裁剪完成，已输出新素材；原分镜未覆盖；保留区域 y=0.0% h=75.0%（含黑边检测）,C:\Users\z\AppData\Local\Temp\scene_title_check_5rhmyk87\0652.jpg
034_莫干山_待人工分类_裁剪分割__CV002_S034.mp4,D:\Download\素材下载\团建视频\莫干山智能镜头分类\90_待人工分类\裁剪分割待复核\裁切废料\034_莫干山_待人工分类_裁剪分割__CV002_S034__裁切废料.mp4,0.86,裁剪完成，已输出新素材；原分镜未覆盖；保留区域 y=6.3% h=61.3%（含黑边检测）,C:\Users\z\AppData\Local\Temp\scene_title_check_5rhmyk87\0661.jpg
036_莫干山_待人工分类_裁剪分割__CV002_S036.mp4,D:\Download\素材下载\团建视频\莫干山智能镜头分类\90_待人工分类\裁剪分割待复核\裁切废料\036_莫干山_待人工分类_裁剪分割__CV002_S036__裁切废料.mp4,0.7,裁剪完成，已输出新素材；原分镜未覆盖；保留区域 y=17.9% h=45.0%（含黑边检测）,C:\Users\z\AppData\Local\Temp\scene_title_check_5rhmyk87\0663.jpg
039_莫干山_待人工分类_裁剪分割__CV002_S039.mp4,D:\Download\素材下载\团建视频\莫干山智能镜头分类\90_待人工分类\裁剪分割待复核\裁切废料\039_莫干山_待人工分类_裁剪分割__CV002_S039__裁切废料.mp4,0.86,裁剪完成，已输出新素材；原分镜未覆盖；保留区域 y=17.9% h=59.6%（含黑边检测）,C:\Users\z\AppData\Local\Temp\scene_title_check_5rhmyk87\0666.jpg
145_莫干山_待人工分类_裁剪分割__CV010_S002.mp4,D:\Download\素材下载\团建视频\莫干山智能镜头分类\90_待人工分类\裁剪分割待复核\裁切废料\145_莫干山_待人工分类_裁剪分割__CV010_S002__裁切废料.mp4,0.95,裁剪完成，已输出新素材；原分镜未覆盖；保留区域 y=12.9% h=53.6%（含黑边检测）,C:\Users\z\AppData\Local\Temp\scene_title_check_5rhmyk87\0668.jpg
146_莫干山_待人工分类_裁剪分割__CV010_S003.mp4,D:\Download\素材下载\团建视频\莫干山智能镜头分类\90_待人工分类\裁剪分割待复核\裁切废料\146_莫干山_待人工分类_裁剪分割__CV010_S003__裁切废料.mp4,0.95,裁剪完成，已输出新素材；原分镜未覆盖；保留区域 y=7.6% h=58.6%（含黑边检测）,C:\Users\z\AppData\Local\Temp\scene_title_check_5rhmyk87\0669.jpg
149_莫干山_待人工分类_裁剪分割__CV010_S006.mp4,D:\Download\素材下载\团建视频\莫干山智能镜头分类\90_待人工分类\裁剪分割待复核\裁切废料\149_莫干山_待人工分类_裁剪分割__CV010_S006__裁切废料.mp4,0.95,裁剪完成，已输出新素材；原分镜未覆盖；保留区域 y=7.6% h=58.5%（含黑边检测）,C:\Users\z\AppData\Local\Temp\scene_title_check_5rhmyk87\0672.jpg
151_莫干山_待人工分类_裁剪分割__CV010_S008.mp4,D:\Download\素材下载\团建视频\莫干山智能镜头分类\90_待人工分类\裁剪分割待复核\裁切废料\151_莫干山_待人工分类_裁剪分割__CV010_S008__裁切废料.mp4,0.95,裁剪完成，已输出新素材；原分镜未覆盖；保留区域 y=7.6% h=58.5%（含黑边检测）,C:\Users\z\AppData\Local\Temp\scene_title_check_5rhmyk87\0674.jpg
198_莫干山_待人工分类_裁剪分割__CV014_S002.mp4,D:\Download\素材下载\团建视频\莫干山智能镜头分类\90_待人工分类\裁剪分割待复核\裁切废料\198_莫干山_待人工分类_裁剪分割__CV014_S002__裁切废料.mp4,0.7,裁剪完成，已输出新素材；原分镜未覆盖；保留区域 y=9.1% h=65.4%（含黑边检测）,C:\Users\z\AppData\Local\Temp\scene_title_check_5rhmyk87\0684.jpg
200_莫干山_待人工分类_裁剪分割__CV014_S004.mp4,D:\Download\素材下载\团建视频\莫干山智能镜头分类\90_待人工分类\裁剪分割待复核\裁切废料\200_莫干山_待人工分类_裁剪分割__CV014_S004__裁切废料.mp4,0.86,裁剪完成，已输出新素材；原分镜未覆盖；保留区域 y=17.7% h=56.9%（含黑边检测）,C:\Users\z\AppData\Local\Temp\scene_title_check_5rhmyk87\0686.jpg
203_莫干山_待人工分类_裁剪分割__CV014_S007.mp4,D:\Download\素材下载\团建视频\莫干山智能镜头分类\90_待人工分类\裁剪分割待复核\裁切废料\203_莫干山_待人工分类_裁剪分割__CV014_S007__裁切废料.mp4,0.74,裁剪完成，已输出新素材；原分镜未覆盖；保留区域 y=0.0% h=80.7%（含黑边检测）,C:\Users\z\AppData\Local\Temp\scene_title_check_5rhmyk87\0689.jpg
204_莫干山_待人工分类_裁剪分割__CV014_S008.mp4,D:\Download\素材下载\团建视频\莫干山智能镜头分类\90_待人工分类\裁剪分割待复核\裁切废料\204_莫干山_待人工分类_裁剪分割__CV014_S008__裁切废料.mp4,0.7,裁剪完成，已输出新素材；原分镜未覆盖；保留区域 y=9.1% h=66.0%（含黑边检测）,C:\Users\z\AppData\Local\Temp\scene_title_check_5rhmyk87\0690.jpg
205_莫干山_待人工分类_裁剪分割__CV014_S009.mp4,D:\Download\素材下载\团建视频\莫干山智能镜头分类\90_待人工分类\裁剪分割待复核\裁切废料\205_莫干山_待人工分类_裁剪分割__CV014_S009__裁切废料.mp4,0.58,裁剪完成，已输出新素材；原分镜未覆盖；保留区域 y=0.0% h=62.0%（含黑边检测）,C:\Users\z\AppData\Local\Temp\scene_title_check_5rhmyk87\0691.jpg
206_莫干山_待人工分类_裁剪分割__CV014_S010.mp4,D:\Download\素材下载\团建视频\莫干山智能镜头分类\90_待人工分类\裁剪分割待复核\裁切废料\206_莫干山_待人工分类_裁剪分割__CV014_S010__裁切废料.mp4,0.74,裁剪完成，已输出新素材；原分镜未覆盖；保留区域 y=0.0% h=74.9%（含黑边检测）,C:\Users\z\AppData\Local\Temp\scene_title_check_5rhmyk87\0692.jpg
210_莫干山_待人工分类_裁剪分割__CV014_S014.mp4,D:\Download\素材下载\团建视频\莫干山智能镜头分类\90_待人工分类\裁剪分割待复核\裁切废料\210_莫干山_待人工分类_裁剪分割__CV014_S014__裁切废料.mp4,0.74,裁剪完成，已输出新素材；原分镜未覆盖；保留区域 y=0.0% h=75.8%（含黑边检测）,C:\Users\z\AppData\Local\Temp\scene_title_check_5rhmyk87\0696.jpg
211_莫干山_待人工分类_裁剪分割__CV014_S015.mp4,D:\Download\素材下载\团建视频\莫干山智能镜头分类\90_待人工分类\裁剪分割待复核\裁切废料\211_莫干山_待人工分类_裁剪分割__CV014_S015__裁切废料.mp4,0.58,裁剪完成，已输出新素材；原分镜未覆盖；保留区域 y=0.0% h=74.8%（含黑边检测）,C:\Users\z\AppData\Local\Temp\scene_title_check_5rhmyk87\0697.jpg
212_莫干山_待人工分类_裁剪分割__CV014_S016.mp4,D:\Download\素材下载\团建视频\莫干山智能镜头分类\90_待人工分类\裁剪分割待复核\裁切废料\212_莫干山_待人工分类_裁剪分割__CV014_S016__裁切废料.mp4,0.86,裁剪完成，已输出新素材；原分镜未覆盖；保留区域 y=10.0% h=64.9%（含黑边检测）,C:\Users\z\AppData\Local\Temp\scene_title_check_5rhmyk87\0698.jpg
214_莫干山_待人工分类_裁剪分割__CV014_S018.mp4,D:\Download\素材下载\团建视频\莫干山智能镜头分类\90_待人工分类\裁剪分割待复核\裁切废料\214_莫干山_待人工分类_裁剪分割__CV014_S018__裁切废料.mp4,0.7,裁剪完成，已输出新素材；原分镜未覆盖；保留区域 y=9.7% h=65.3%（含黑边检测）,C:\Users\z\AppData\Local\Temp\scene_title_check_5rhmyk87\0700.jpg
215_莫干山_待人工分类_裁剪分割__CV014_S019.mp4,D:\Download\素材下载\团建视频\莫干山智能镜头分类\90_待人工分类\裁剪分割待复核\裁切废料\215_莫干山_待人工分类_裁剪分割__CV014_S019__裁切废料.mp4,0.7,裁剪完成，已输出新素材；原分镜未覆盖；保留区域 y=12.0% h=63.0%（含黑边检测）,C:\Users\z\AppData\Local\Temp\scene_title_check_5rhmyk87\0701.jpg
217_莫干山_待人工分类_裁剪分割__CV014_S021.mp4,D:\Download\素材下载\团建视频\莫干山智能镜头分类\90_待人工分类\裁剪分割待复核\裁切废料\217_莫干山_待人工分类_裁剪分割__CV014_S021__裁切废料.mp4,0.7,裁剪完成，已输出新素材；原分镜未覆盖；保留区域 y=14.0% h=60.7%（含黑边检测）,C:\Users\z\AppData\Local\Temp\scene_title_check_5rhmyk87\0703.jpg
219_莫干山_待人工分类_裁剪分割__CV014_S023.mp4,D:\Download\素材下载\团建视频\莫干山智能镜头分类\90_待人工分类\裁剪分割待复核\裁切废料\219_莫干山_待人工分类_裁剪分割__CV014_S023__裁切废料.mp4,0.58,裁剪完成，已输出新素材；原分镜未覆盖；保留区域 y=0.0% h=74.8%（含黑边检测）,C:\Users\z\AppData\Local\Temp\scene_title_check_5rhmyk87\0705.jpg
224_莫干山_待人工分类_裁剪分割__CV014_S028.mp4,D:\Download\素材下载\团建视频\莫干山智能镜头分类\90_待人工分类\裁剪分割待复核\裁切废料\224_莫干山_待人工分类_裁剪分割__CV014_S028__裁切废料.mp4,0.7,裁剪完成，已输出新素材；原分镜未覆盖；保留区域 y=10.7% h=64.1%（含黑边检测）,C:\Users\z\AppData\Local\Temp\scene_title_check_5rhmyk87\0710.jpg
338_莫干山_待人工分类_裁剪分割__CV024_S008.mp4,D:\Download\素材下载\团建视频\莫干山智能镜头分类\90_待人工分类\裁剪分割待复核\裁切废料\338_莫干山_待人工分类_裁剪分割__CV024_S008__裁切废料.mp4,0.74,裁剪完成，已输出新素材；原分镜未覆盖；保留区域 y=0.0% h=75.2%（含黑边检测）,C:\Users\z\AppData\Local\Temp\scene_title_check_5rhmyk87\0717.jpg
339_莫干山_待人工分类_裁剪分割__CV024_S009.mp4,D:\Download\素材下载\团建视频\莫干山智能镜头分类\90_待人工分类\裁剪分割待复核\裁切废料\339_莫干山_待人工分类_裁剪分割__CV024_S009__裁切废料.mp4,0.74,裁剪完成，已输出新素材；原分镜未覆盖；保留区域 y=0.0% h=75.3%（含黑边检测）,C:\Users\z\AppData\Local\Temp\scene_title_check_5rhmyk87\0718.jpg
343_莫干山_待人工分类_裁剪分割__CV024_S013.mp4,D:\Download\素材下载\团建视频\莫干山智能镜头分类\90_待人工分类\裁剪分割待复核\裁切废料\343_莫干山_待人工分类_裁剪分割__CV024_S013__裁切废料.mp4,0.7,裁剪完成，已输出新素材；原分镜未覆盖；保留区域 y=3.4% h=58.6%（含黑边检测）,C:\Users\z\AppData\Local\Temp\scene_title_check_5rhmyk87\0722.jpg
346_莫干山_待人工分类_裁剪分割__CV024_S016.mp4,D:\Download\素材下载\团建视频\莫干山智能镜头分类\90_待人工分类\裁剪分割待复核\裁切废料\346_莫干山_待人工分类_裁剪分割__CV024_S016__裁切废料.mp4,0.74,裁剪完成，已输出新素材；原分镜未覆盖；保留区域 y=0.0% h=62.2%（含黑边检测）,C:\Users\z\AppData\Local\Temp\scene_title_check_5rhmyk87\0725.jpg
347_莫干山_待人工分类_裁剪分割__CV024_S017.mp4,D:\Download\素材下载\团建视频\莫干山智能镜头分类\90_待人工分类\裁剪分割待复核\裁切废料\347_莫干山_待人工分类_裁剪分割__CV024_S017__裁切废料.mp4,0.86,裁剪完成，已输出新素材；原分镜未覆盖；保留区域 y=15.1% h=65.4%（含黑边检测）,C:\Users\z\AppData\Local\Temp\scene_title_check_5rhmyk87\0726.jpg
355_莫干山_待人工分类_裁剪分割__CV024_S025.mp4,D:\Download\素材下载\团建视频\莫干山智能镜头分类\90_待人工分类\裁剪分割待复核\裁切废料\355_莫干山_待人工分类_裁剪分割__CV024_S025__裁切废料.mp4,0.58,裁剪完成，已输出新素材；原分镜未覆盖；保留区域 y=0.0% h=73.2%（含黑边检测）,C:\Users\z\AppData\Local\Temp\scene_title_check_5rhmyk87\0734.jpg
360_莫干山_待人工分类_裁剪分割__CV024_S030.mp4,D:\Download\素材下载\团建视频\莫干山智能镜头分类\90_待人工分类\裁剪分割待复核\裁切废料\360_莫干山_待人工分类_裁剪分割__CV024_S030__裁切废料.mp4,0.58,裁剪完成，已输出新素材；原分镜未覆盖；保留区域 y=0.0% h=70.3%（含黑边检测）,C:\Users\z\AppData\Local\Temp\scene_title_check_5rhmyk87\0739.jpg
362_莫干山_待人工分类_裁剪分割__CV024_S032.mp4,D:\Download\素材下载\团建视频\莫干山智能镜头分类\90_待人工分类\裁剪分割待复核\裁切废料\362_莫干山_待人工分类_裁剪分割__CV024_S032__裁切废料.mp4,0.7,裁剪完成，已输出新素材；原分镜未覆盖；保留区域 y=17.8% h=45.8%（含黑边检测）,C:\Users\z\AppData\Local\Temp\scene_title_check_5rhmyk87\0740.jpg
364_莫干山_待人工分类_裁剪分割__CV024_S034.mp4,D:\Download\素材下载\团建视频\莫干山智能镜头分类\90_待人工分类\裁剪分割待复核\裁切废料\364_莫干山_待人工分类_裁剪分割__CV024_S034__裁切废料.mp4,0.86,裁剪完成，已输出新素材；原分镜未覆盖；保留区域 y=15.0% h=60.6%（含黑边检测）,C:\Users\z\AppData\Local\Temp\scene_title_check_5rhmyk87\0742.jpg
365_莫干山_待人工分类_裁剪分割__CV024_S035.mp4,D:\Download\素材下载\团建视频\莫干山智能镜头分类\90_待人工分类\裁剪分割待复核\裁切废料\365_莫干山_待人工分类_裁剪分割__CV024_S035__裁切废料.mp4,0.74,裁剪完成，已输出新素材；原分镜未覆盖；保留区域 y=0.0% h=73.5%（含黑边检测）,C:\Users\z\AppData\Local\Temp\scene_title_check_5rhmyk87\0743.jpg
372_莫干山_待人工分类_裁剪分割__CV024_S042.mp4,D:\Download\素材下载\团建视频\莫干山智能镜头分类\90_待人工分类\裁剪分割待复核\裁切废料\372_莫干山_待人工分类_裁剪分割__CV024_S042__裁切废料.mp4,0.86,裁剪完成，已输出新素材；原分镜未覆盖；保留区域 y=0.0% h=79.3%（含黑边检测）,C:\Users\z\AppData\Local\Temp\scene_title_check_5rhmyk87\0749.jpg
